,코드,행정구역,산업분류,총사업체수,총종사자수,자영업자 종사자수,무급가족 종사자수,상용 종사자수,임시및일용 종사자수,기타 종사자수
3569,11010M,종로구,"전문, 과학 및 기술 서비스업(70~73)",1553.0,21766.0,830.0,33.0,20330.0,487.0,86.0
5573,11020M,중구,"전문, 과학 및 기술 서비스업(70~73)",2752.0,36078.0,1759.0,67.0,33194.0,931.0,127.0
7577,11030M,용산구,"전문, 과학 및 기술 서비스업(70~73)",833.0,15387.0,439.0,8.0,14357.0,569.0,14.0
9581,11040M,성동구,"전문, 과학 및 기술 서비스업(70~73)",1447.0,14631.0,667.0,19.0,12571.0,981.0,393.0
11585,11050M,광진구,"전문, 과학 및 기술 서비스업(70~73)",798.0,4811.0,475.0,24.0,4004.0,220.0,88.0
13589,11060M,동대문구,"전문, 과학 및 기술 서비스업(70~73)",630.0,7073.0,393.0,17.0,6243.0,363.0,57.0
15593,11070M,중랑구,"전문, 과학 및 기술 서비스업(70~73)",336.0,1643.0,224.0,18.0,1253.0,133.0,15.0
17597,11080M,성북구,"전문, 과학 및 기술 서비스업(70~73)",478.0,4328.0,289.0,15.0,3598.0,372.0,54.0
19601,11090M,강북구,"전문, 과학 및 기술 서비스업(70~73)",293.0,1185.0,226.0,10.0,821.0,66.0,62.0
21605,11100M,도봉구,"전문, 과학 및 기술 서비스업(70~73)",347.0,1773.0,273.0,11.0,1355.0,129.0,5.0
23609,11110M,노원구,"전문, 과학 및 기술 서비스업(70~73)",438.0,3259.0,277.0,21.0,2591.0,314.0,56.0
25613,11120M,은평구,"전문, 과학 및 기술 서비스업(70~73)",369.0,1710.0,274.0,18.0,1171.0,232.0,15.0
27617,11130M,서대문구,"전문, 과학 및 기술 서비스업(70~73)",632.0,6113.0,389.0,13.0,4721.0,923.0,67.0
29621,11140M,마포구,"전문, 과학 및 기술 서비스업(70~73)",2632.0,20741.0,1317.0,31.0,18124.0,909.0,360.0
31625,11150M,양천구,"전문, 과학 및 기술 서비스업(70~73)",736.0,3232.0,530.0,17.0,2400.0,229.0,56.0
33629,11160M,강서구,"전문, 과학 및 기술 서비스업(70~73)",1256.0,23116.0,628.0,14.0,21867.0,430.0,177.0
35633,11170M,구로구,"전문, 과학 및 기술 서비스업(70~73)",1567.0,15674.0,747.0,17.0,14130.0,491.0,289.0
37637,11180M,금천구,"전문, 과학 및 기술 서비스업(70~73)",2186.0,27977.0,846.0,16.0,25581.0,1179.0,355.0
39641,11190M,영등포구,"전문, 과학 및 기술 서비스업(70~73)",2393.0,32357.0,1037.0,35.0,29872.0,1137.0,276.0
41645,11200M,동작구,"전문, 과학 및 기술 서비스업(70~73)",428.0,6067.0,256.0,14.0,5024.0,654.0,119.0
43649,11210M,관악구,"전문, 과학 및 기술 서비스업(70~73)",606.0,4578.0,354.0,15.0,3991.0,157.0,61.0
45653,11220M,서초구,"전문, 과학 및 기술 서비스업(70~73)",6713.0,67657.0,3514.0,35.0,61688.0,1629.0,791.0
47657,11230M,강남구,"전문, 과학 및 기술 서비스업(70~73)",9090.0,107675.0,3638.0,46.0,99662.0,3202.0,1127.0
49661,11240M,송파구,"전문, 과학 및 기술 서비스업(70~73)",2488.0,27676.0,1168.0,33.0,25078.0,1352.0,45.0
51665,11250M,강동구,"전문, 과학 및 기술 서비스업(70~73)",653.0,7012.0,392.0,23.0,6309.0,259.0,29.0
1565,11M,서울특별시,"전문, 과학 및 기술 서비스업(70~73)",41654.0,463519.0,20942.0,570.0,419935.0,17348.0,4724.0
3569,21010M,중구,"전문, 과학 및 기술 서비스업(70~73)",347.0,2270.0,270.0,15.0,1925.0,59.0,1.0
5573,21020M,서구,"전문, 과학 및 기술 서비스업(70~73)",128.0,508.0,88.0,9.0,381.0,26.0,4.0
7577,21030M,동구,"전문, 과학 및 기술 서비스업(70~73)",447.0,3339.0,232.0,8.0,2879.0,177.0,43.0
9581,21040M,영도구,"전문, 과학 및 기술 서비스업(70~73)",108.0,1615.0,56.0,4.0,1459.0,96.0,0.0
11585,21050M,부산진구,"전문, 과학 및 기술 서비스업(70~73)",915.0,5866.0,623.0,26.0,4718.0,362.0,137.0
13589,21060M,동래구,"전문, 과학 및 기술 서비스업(70~73)",405.0,2761.0,271.0,11.0,2370.0,97.0,12.0
15593,21070M,남구,"전문, 과학 및 기술 서비스업(70~73)",387.0,1890.0,237.0,16.0,1526.0,95.0,16.0
17597,21080M,북구,"전문, 과학 및 기술 서비스업(70~73)",181.0,1100.0,127.0,6.0,901.0,63.0,3.0
19601,21090M,해운대구,"전문, 과학 및 기술 서비스업(70~73)",1211.0,8061.0,590.0,14.0,6956.0,319.0,182.0
21605,21100M,사하구,"전문, 과학 및 기술 서비스업(70~73)",269.0,1780.0,160.0,11.0,1538.0,69.0,2.0
23609,21110M,금정구,"전문, 과학 및 기술 서비스업(70~73)",485.0,3090.0,256.0,14.0,2624.0,149.0,47.0
25613,21120M,강서구,"전문, 과학 및 기술 서비스업(70~73)",289.0,2686.0,166.0,15.0,2434.0,60.0,11.0
27617,21130M,연제구,"전문, 과학 및 기술 서비스업(70~73)",1181.0,6125.0,898.0,18.0,4867.0,316.0,26.0
29621,21140M,수영구,"전문, 과학 및 기술 서비스업(70~73)",346.0,1985.0,243.0,14.0,1617.0,111.0,0.0
31625,21150M,사상구,"전문, 과학 및 기술 서비스업(70~73)",490.0,2876.0,305.0,11.0,2412.0,147.0,1.0
33629,21310M,기장군,"전문, 과학 및 기술 서비스업(70~73)",130.0,533.0,89.0,7.0,414.0,21.0,2.0
1565,21M,부산광역시,"전문, 과학 및 기술 서비스업(70~73)",7319.0,46485.0,4611.0,199.0,39021.0,2167.0,487.0
3569,22010M,중구,"전문, 과학 및 기술 서비스업(70~73)",702.0,2877.0,520.0,35.0,2069.0,167.0,86.0
5573,22020M,동구,"전문, 과학 및 기술 서비스업(70~73)",637.0,4787.0,407.0,21.0,4078.0,219.0,62.0
7577,22030M,서구,"전문, 과학 및 기술 서비스업(70~73)",236.0,1439.0,171.0,13.0,1190.0,40.0,25.0
9581,22040M,남구,"전문, 과학 및 기술 서비스업(70~73)",511.0,2367.0,387.0,19.0,1684.0,157.0,120.0
11585,22050M,북구,"전문, 과학 및 기술 서비스업(70~73)",608.0,3423.0,345.0,30.0,2782.0,251.0,15.0
13589,22060M,수성구,"전문, 과학 및 기술 서비스업(70~73)",1102.0,5950.0,889.0,24.0,4741.0,276.0,20.0
15593,22070M,달서구,"전문, 과학 및 기술 서비스업(70~73)",891.0,5124.0,591.0,31.0,4065.0,419.0,18.0
17597,22310M,달성군,"전문, 과학 및 기술 서비스업(70~73)",152.0,1043.0,104.0,4.0,901.0,22.0,12.0
1565,22M,대구광역시,"전문, 과학 및 기술 서비스업(70~73)",4839.0,27010.0,3414.0,177.0,21510.0,1551.0,358.0
3569,23010M,중구,"전문, 과학 및 기술 서비스업(70~73)",165.0,1350.0,105.0,5.0,1213.0,24.0,3.0
5573,23020M,동구,"전문, 과학 및 기술 서비스업(70~73)",102.0,349.0,76.0,2.0,257.0,14.0,0.0
7577,23040M,연수구,"전문, 과학 및 기술 서비스업(70~73)",522.0,7496.0,240.0,6.0,6705.0,511.0,34.0
9581,23050M,남동구,"전문, 과학 및 기술 서비스업(70~73)",881.0,5767.0,537.0,27.0,4853.0,245.0,105.0
11585,23060M,부평구,"전문, 과학 및 기술 서비스업(70~73)",517.0,3420.0,353.0,21.0,2833.0,193.0,20.0
13589,23070M,계양구,"전문, 과학 및 기술 서비스업(70~73)",372.0,1793.0,267.0,16.0,1371.0,133.0,6.0
15593,23080M,서구,"전문, 과학 및 기술 서비스업(70~73)",410.0,5334.0,274.0,14.0,4922.0,117.0,7.0
17597,23090M,미추홀구,"전문, 과학 및 기술 서비스업(70~73)",795.0,4782.0,579.0,17.0,3832.0,245.0,109.0
19601,23310M,강화군,"전문, 과학 및 기술 서비스업(70~73)",69.0,246.0,59.0,4.0,176.0,7.0,0.0
21605,23320M,옹진군,"전문, 과학 및 기술 서비스업(70~73)",7.0,64.0,3.0,0.0,39.0,22.0,0.0
1565,23M,인천광역시,"전문, 과학 및 기술 서비스업(70~73)",3840.0,30601.0,2493.0,112.0,26201.0,1511.0,284.0
3569,24010M,동구,"전문, 과학 및 기술 서비스업(70~73)",804.0,4065.0,617.0,29.0,3019.0,332.0,68.0
5573,24020M,서구,"전문, 과학 및 기술 서비스업(70~73)",938.0,6128.0,561.0,23.0,5208.0,286.0,50.0
7577,24030M,남구,"전문, 과학 및 기술 서비스업(70~73)",288.0,1344.0,210.0,27.0,1035.0,58.0,14.0
9581,24040M,북구,"전문, 과학 및 기술 서비스업(70~73)",779.0,5212.0,448.0,44.0,3643.0,1027.0,50.0
11585,24050M,광산구,"전문, 과학 및 기술 서비스업(70~73)",429.0,2500.0,279.0,30.0,1923.0,243.0,25.0
1565,24M,광주광역시,"전문, 과학 및 기술 서비스업(70~73)",3238.0,19249.0,2115.0,153.0,14828.0,1946.0,207.0
3569,25010M,동구,"전문, 과학 및 기술 서비스업(70~73)",220.0,1608.0,147.0,17.0,1312.0,129.0,3.0
5573,25020M,중구,"전문, 과학 및 기술 서비스업(70~73)",400.0,2001.0,262.0,22.0,1438.0,152.0,127.0
7577,25030M,서구,"전문, 과학 및 기술 서비스업(70~73)",1366.0,7705.0,962.0,48.0,6265.0,356.0,74.0
9581,25040M,유성구,"전문, 과학 및 기술 서비스업(70~73)",1030.0,31874.0,350.0,15.0,30645.0,830.0,34.0
11585,25050M,대덕구,"전문, 과학 및 기술 서비스업(70~73)",185.0,1544.0,114.0,12.0,1385.0,33.0,0.0
1565,25M,대전광역시,"전문, 과학 및 기술 서비스업(70~73)",3201.0,44732.0,1835.0,114.0,41045.0,1500.0,238.0
3569,26010M,중구,"전문, 과학 및 기술 서비스업(70~73)",346.0,4308.0,224.0,20.0,3838.0,216.0,10.0
5573,26020M,남구,"전문, 과학 및 기술 서비스업(70~73)",1128.0,7250.0,822.0,43.0,5459.0,846.0,80.0
7577,26030M,동구,"전문, 과학 및 기술 서비스업(70~73)",85.0,2005.0,42.0,12.0,1935.0,12.0,4.0
9581,26040M,북구,"전문, 과학 및 기술 서비스업(70~73)",170.0,1308.0,104.0,6.0,1170.0,23.0,5.0
11585,26310M,울주군,"전문, 과학 및 기술 서비스업(70~73)",168.0,1342.0,88.0,5.0,1199.0,48.0,2.0
1565,26M,울산광역시,"전문, 과학 및 기술 서비스업(70~73)",1897.0,16213.0,1280.0,86.0,13601.0,1145.0,101.0
3569,29010M,세종특별자치시,"전문, 과학 및 기술 서비스업(70~73)",444.0,6130.0,254.0,17.0,5270.0,524.0,65.0
1565,29M,세종특별자치시,"전문, 과학 및 기술 서비스업(70~73)",444.0,6130.0,254.0,17.0,5270.0,524.0,65.0
3569,31010M,수원시,"전문, 과학 및 기술 서비스업(70~73)",2521.0,55753.0,1431.0,63.0,52784.0,1294.0,181.0
5573,31011M,장안구,"전문, 과학 및 기술 서비스업(70~73)",325.0,3322.0,149.0,15.0,2906.0,227.0,25.0
7577,31012M,권선구,"전문, 과학 및 기술 서비스업(70~73)",430.0,3335.0,240.0,14.0,2677.0,357.0,47.0
9581,31013M,팔달구,"전문, 과학 및 기술 서비스업(70~73)",605.0,3480.0,391.0,22.0,2770.0,244.0,53.0
11585,31014M,영통구,"전문, 과학 및 기술 서비스업(70~73)",1161.0,45616.0,651.0,12.0,44431.0,466.0,56.0
13589,31020M,성남시,"전문, 과학 및 기술 서비스업(70~73)",2618.0,39248.0,1192.0,40.0,36153.0,1788.0,75.0
15593,31021M,수정구,"전문, 과학 및 기술 서비스업(70~73)",408.0,2386.0,259.0,9.0,1874.0,233.0,11.0
17597,31022M,중원구,"전문, 과학 및 기술 서비스업(70~73)",534.0,5829.0,237.0,12.0,5361.0,210.0,9.0
19601,31023M,분당구,"전문, 과학 및 기술 서비스업(70~73)",1676.0,31033.0,696.0,19.0,28918.0,1345.0,55.0
21605,31030M,의정부시,"전문, 과학 및 기술 서비스업(70~73)",684.0,4280.0,497.0,20.0,3465.0,229.0,69.0
23609,31040M,안양시,"전문, 과학 및 기술 서비스업(70~73)",1967.0,24260.0,896.0,40.0,22028.0,1165.0,131.0
25613,31041M,만안구,"전문, 과학 및 기술 서비스업(70~73)",438.0,3052.0,250.0,21.0,2215.0,541.0,25.0
27617,31042M,동안구,"전문, 과학 및 기술 서비스업(70~73)",1529.0,21208.0,646.0,19.0,19813.0,624.0,106.0
29621,31050M,부천시,"전문, 과학 및 기술 서비스업(70~73)",1336.0,7505.0,931.0,33.0,6018.0,434.0,89.0
31625,31060M,광명시,"전문, 과학 및 기술 서비스업(70~73)",276.0,2171.0,181.0,12.0,1891.0,85.0,2.0
33629,31070M,평택시,"전문, 과학 및 기술 서비스업(70~73)",690.0,4371.0,488.0,13.0,3644.0,217.0,9.0
35633,31080M,동두천시,"전문, 과학 및 기술 서비스업(70~73)",75.0,229.0,63.0,6.0,128.0,32.0,0.0
37637,31090M,안산시,"전문, 과학 및 기술 서비스업(70~73)",1206.0,8841.0,766.0,41.0,7621.0,353.0,60.0
39641,31091M,상록구,"전문, 과학 및 기술 서비스업(70~73)",290.0,3466.0,162.0,16.0,3176.0,106.0,6.0
41645,31092M,단원구,"전문, 과학 및 기술 서비스업(70~73)",916.0,5375.0,604.0,25.0,4445.0,247.0,54.0
43649,31100M,고양시,"전문, 과학 및 기술 서비스업(70~73)",1873.0,10040.0,1276.0,64.0,7664.0,684.0,352.0
45653,31101M,덕양구,"전문, 과학 및 기술 서비스업(70~73)",532.0,2952.0,364.0,20.0,2263.0,234.0,71.0
47657,31103M,일산동구,"전문, 과학 및 기술 서비스업(70~73)",1098.0,5358.0,729.0,27.0,3974.0,349.0,279.0
49661,31104M,일산서구,"전문, 과학 및 기술 서비스업(70~73)",243.0,1730.0,183.0,17.0,1427.0,101.0,2.0
51665,31110M,과천시,"전문, 과학 및 기술 서비스업(70~73)",113.0,4180.0,51.0,5.0,4090.0,31.0,3.0
53669,31120M,구리시,"전문, 과학 및 기술 서비스업(70~73)",306.0,2663.0,188.0,10.0,2344.0,116.0,5.0
55673,31130M,남양주시,"전문, 과학 및 기술 서비스업(70~73)",555.0,2260.0,408.0,25.0,1676.0,138.0,13.0
57677,31140M,오산시,"전문, 과학 및 기술 서비스업(70~73)",192.0,1231.0,124.0,12.0,976.0,105.0,14.0
59681,31150M,시흥시,"전문, 과학 및 기술 서비스업(70~73)",547.0,3371.0,358.0,22.0,2676.0,309.0,6.0
61685,31160M,군포시,"전문, 과학 및 기술 서비스업(70~73)",468.0,4184.0,255.0,18.0,3686.0,204.0,21.0
63689,31170M,의왕시,"전문, 과학 및 기술 서비스업(70~73)",249.0,5092.0,97.0,4.0,4799.0,184.0,8.0
65693,31180M,하남시,"전문, 과학 및 기술 서비스업(70~73)",290.0,1717.0,169.0,14.0,1438.0,91.0,5.0
67697,31190M,용인시,"전문, 과학 및 기술 서비스업(70~73)",1452.0,29678.0,723.0,46.0,28107.0,741.0,61.0
69701,31191M,처인구,"전문, 과학 및 기술 서비스업(70~73)",435.0,4182.0,276.0,16.0,3688.0,200.0,2.0
71705,31192M,기흥구,"전문, 과학 및 기술 서비스업(70~73)",662.0,21196.0,263.0,20.0,20497.0,388.0,28.0
73709,31193M,수지구,"전문, 과학 및 기술 서비스업(70~73)",355.0,4300.0,184.0,10.0,3922.0,153.0,31.0
75713,31200M,파주시,"전문, 과학 및 기술 서비스업(70~73)",489.0,2073.0,351.0,18.0,1593.0,103.0,8.0
77717,31210M,이천시,"전문, 과학 및 기술 서비스업(70~73)",312.0,2603.0,222.0,15.0,2237.0,126.0,3.0
79721,31220M,안성시,"전문, 과학 및 기술 서비스업(70~73)",247.0,1538.0,156.0,13.0,1258.0,110.0,1.0
81725,31230M,김포시,"전문, 과학 및 기술 서비스업(70~73)",443.0,2041.0,311.0,15.0,1579.0,130.0,6.0
83729,31240M,화성시,"전문, 과학 및 기술 서비스업(70~73)",1192.0,34527.0,716.0,33.0,33199.0,498.0,81.0
85733,31250M,광주시,"전문, 과학 및 기술 서비스업(70~73)",453.0,2234.0,339.0,11.0,1757.0,122.0,5.0
87737,31260M,양주시,"전문, 과학 및 기술 서비스업(70~73)",226.0,1005.0,175.0,11.0,722.0,96.0,1.0
89741,31270M,포천시,"전문, 과학 및 기술 서비스업(70~73)",231.0,1082.0,177.0,9.0,747.0,128.0,21.0
91745,31280M,여주시,"전문, 과학 및 기술 서비스업(70~73)",167.0,1008.0,120.0,9.0,819.0,59.0,1.0
93749,31350M,연천군,"전문, 과학 및 기술 서비스업(70~73)",49.0,240.0,35.0,2.0,155.0,44.0,4.0
95753,31370M,가평군,"전문, 과학 및 기술 서비스업(70~73)",131.0,533.0,95.0,10.0,364.0,64.0,0.0
97757,31380M,양평군,"전문, 과학 및 기술 서비스업(70~73)",170.0,700.0,124.0,5.0,530.0,41.0,0.0
1565,31M,경기도,"전문, 과학 및 기술 서비스업(70~73)",21528.0,260658.0,12915.0,639.0,236148.0,9721.0,1235.0
3569,32010M,춘천시,"전문, 과학 및 기술 서비스업(70~73)",637.0,4326.0,391.0,38.0,3423.0,382.0,92.0
5573,32020M,원주시,"전문, 과학 및 기술 서비스업(70~73)",684.0,4340.0,438.0,36.0,3455.0,373.0,38.0
7577,32030M,강릉시,"전문, 과학 및 기술 서비스업(70~73)",389.0,2308.0,258.0,24.0,1876.0,147.0,3.0
9581,32040M,동해시,"전문, 과학 및 기술 서비스업(70~73)",108.0,420.0,75.0,8.0,310.0,27.0,0.0
11585,32050M,태백시,"전문, 과학 및 기술 서비스업(70~73)",52.0,453.0,30.0,9.0,398.0,16.0,0.0
13589,32060M,속초시,"전문, 과학 및 기술 서비스업(70~73)",142.0,547.0,114.0,10.0,391.0,31.0,1.0
15593,32070M,삼척시,"전문, 과학 및 기술 서비스업(70~73)",105.0,801.0,68.0,7.0,639.0,87.0,0.0
17597,32310M,홍천군,"전문, 과학 및 기술 서비스업(70~73)",113.0,771.0,79.0,10.0,611.0,50.0,21.0
19601,32320M,횡성군,"전문, 과학 및 기술 서비스업(70~73)",76.0,283.0,56.0,9.0,210.0,8.0,0.0
21605,32330M,영월군,"전문, 과학 및 기술 서비스업(70~73)",74.0,344.0,49.0,1.0,262.0,31.0,1.0
23609,32340M,평창군,"전문, 과학 및 기술 서비스업(70~73)",88.0,462.0,62.0,7.0,368.0,20.0,5.0
25613,32350M,정선군,"전문, 과학 및 기술 서비스업(70~73)",51.0,173.0,34.0,2.0,126.0,9.0,2.0
27617,32360M,철원군,"전문, 과학 및 기술 서비스업(70~73)",59.0,240.0,40.0,6.0,166.0,25.0,3.0
29621,32370M,화천군,"전문, 과학 및 기술 서비스업(70~73)",31.0,95.0,22.0,2.0,66.0,5.0,0.0
31625,32380M,양구군,"전문, 과학 및 기술 서비스업(70~73)",31.0,148.0,17.0,0.0,107.0,24.0,0.0
33629,32390M,인제군,"전문, 과학 및 기술 서비스업(70~73)",46.0,261.0,29.0,2.0,224.0,5.0,1.0
35633,32400M,고성군,"전문, 과학 및 기술 서비스업(70~73)",29.0,135.0,20.0,1.0,107.0,7.0,0.0
37637,32410M,양양군,"전문, 과학 및 기술 서비스업(70~73)",40.0,175.0,26.0,2.0,136.0,11.0,0.0
1565,32M,강원도,"전문, 과학 및 기술 서비스업(70~73)",2755.0,16282.0,1808.0,174.0,12875.0,1258.0,167.0
3569,33020M,충주시,"전문, 과학 및 기술 서비스업(70~73)",330.0,1854.0,234.0,35.0,1397.0,188.0,0.0
5573,33030M,제천시,"전문, 과학 및 기술 서비스업(70~73)",190.0,825.0,136.0,12.0,594.0,75.0,8.0
7577,33040M,청주시,"전문, 과학 및 기술 서비스업(70~73)",1439.0,12715.0,885.0,66.0,11307.0,434.0,23.0
9581,33041M,상당구,"전문, 과학 및 기술 서비스업(70~73)",272.0,1843.0,195.0,21.0,1585.0,41.0,1.0
11585,33042M,서원구,"전문, 과학 및 기술 서비스업(70~73)",431.0,2583.0,303.0,17.0,2147.0,114.0,2.0
13589,33043M,흥덕구,"전문, 과학 및 기술 서비스업(70~73)",374.0,4655.0,205.0,16.0,4313.0,105.0,16.0
15593,33044M,청원구,"전문, 과학 및 기술 서비스업(70~73)",362.0,3634.0,182.0,12.0,3262.0,174.0,4.0
17597,33320M,보은군,"전문, 과학 및 기술 서비스업(70~73)",40.0,153.0,27.0,4.0,116.0,5.0,1.0
19601,33330M,옥천군,"전문, 과학 및 기술 서비스업(70~73)",64.0,392.0,43.0,7.0,320.0,22.0,0.0
21605,33340M,영동군,"전문, 과학 및 기술 서비스업(70~73)",62.0,229.0,39.0,4.0,181.0,5.0,0.0
23609,33350M,진천군,"전문, 과학 및 기술 서비스업(70~73)",98.0,953.0,69.0,5.0,865.0,14.0,0.0
25613,33360M,괴산군,"전문, 과학 및 기술 서비스업(70~73)",53.0,254.0,37.0,5.0,197.0,12.0,3.0
27617,33370M,음성군,"전문, 과학 및 기술 서비스업(70~73)",165.0,1599.0,115.0,5.0,1410.0,69.0,0.0
29621,33380M,단양군,"전문, 과학 및 기술 서비스업(70~73)",39.0,178.0,29.0,1.0,122.0,26.0,0.0
31625,33390M,증평군,"전문, 과학 및 기술 서비스업(70~73)",32.0,128.0,31.0,2.0,86.0,9.0,0.0
1565,33M,충청북도,"전문, 과학 및 기술 서비스업(70~73)",2512.0,19280.0,1645.0,146.0,16595.0,859.0,35.0
3569,34010M,천안시,"전문, 과학 및 기술 서비스업(70~73)",1332.0,9017.0,846.0,63.0,7629.0,417.0,62.0
5573,34011M,동남구,"전문, 과학 및 기술 서비스업(70~73)",601.0,3515.0,430.0,32.0,2875.0,175.0,3.0
7577,34012M,서북구,"전문, 과학 및 기술 서비스업(70~73)",731.0,5502.0,416.0,31.0,4754.0,242.0,59.0
9581,34020M,공주시,"전문, 과학 및 기술 서비스업(70~73)",190.0,1159.0,122.0,10.0,949.0,70.0,8.0
11585,34030M,보령시,"전문, 과학 및 기술 서비스업(70~73)",124.0,677.0,84.0,10.0,550.0,32.0,1.0
13589,34040M,아산시,"전문, 과학 및 기술 서비스업(70~73)",362.0,2309.0,238.0,17.0,1800.0,247.0,7.0
15593,34050M,서산시,"전문, 과학 및 기술 서비스업(70~73)",233.0,1249.0,174.0,24.0,989.0,61.0,1.0
17597,34060M,논산시,"전문, 과학 및 기술 서비스업(70~73)",133.0,782.0,104.0,12.0,580.0,86.0,0.0
19601,34070M,계룡시,"전문, 과학 및 기술 서비스업(70~73)",40.0,169.0,28.0,4.0,116.0,21.0,0.0
21605,34080M,당진시,"전문, 과학 및 기술 서비스업(70~73)",224.0,1632.0,154.0,13.0,1355.0,107.0,3.0
23609,34310M,금산군,"전문, 과학 및 기술 서비스업(70~73)",74.0,300.0,55.0,6.0,213.0,26.0,0.0
25613,34330M,부여군,"전문, 과학 및 기술 서비스업(70~73)",69.0,410.0,49.0,3.0,283.0,75.0,0.0
27617,34340M,서천군,"전문, 과학 및 기술 서비스업(70~73)",56.0,772.0,45.0,2.0,717.0,7.0,1.0
29621,34350M,청양군,"전문, 과학 및 기술 서비스업(70~73)",42.0,211.0,31.0,3.0,113.0,17.0,47.0
31625,34360M,홍성군,"전문, 과학 및 기술 서비스업(70~73)",145.0,696.0,102.0,1.0,549.0,43.0,1.0
33629,34370M,예산군,"전문, 과학 및 기술 서비스업(70~73)",110.0,440.0,80.0,3.0,332.0,22.0,3.0
35633,34380M,태안군,"전문, 과학 및 기술 서비스업(70~73)",81.0,961.0,48.0,5.0,865.0,39.0,4.0
1565,34M,충청남도,"전문, 과학 및 기술 서비스업(70~73)",3215.0,20784.0,2160.0,176.0,17040.0,1270.0,138.0
3569,35010M,전주시,"전문, 과학 및 기술 서비스업(70~73)",1584.0,8756.0,1102.0,70.0,6960.0,596.0,28.0
5573,35011M,완산구,"전문, 과학 및 기술 서비스업(70~73)",903.0,4508.0,662.0,48.0,3349.0,430.0,19.0
7577,35012M,덕진구,"전문, 과학 및 기술 서비스업(70~73)",681.0,4248.0,440.0,22.0,3611.0,166.0,9.0
9581,35020M,군산시,"전문, 과학 및 기술 서비스업(70~73)",375.0,1910.0,272.0,18.0,1518.0,99.0,3.0
11585,35030M,익산시,"전문, 과학 및 기술 서비스업(70~73)",406.0,2261.0,292.0,23.0,1809.0,111.0,26.0
13589,35040M,정읍시,"전문, 과학 및 기술 서비스업(70~73)",155.0,1170.0,111.0,9.0,797.0,243.0,10.0
15593,35050M,남원시,"전문, 과학 및 기술 서비스업(70~73)",109.0,587.0,80.0,9.0,473.0,25.0,0.0
17597,35060M,김제시,"전문, 과학 및 기술 서비스업(70~73)",114.0,515.0,74.0,4.0,404.0,33.0,0.0
19601,35310M,완주군,"전문, 과학 및 기술 서비스업(70~73)",105.0,4288.0,54.0,4.0,3193.0,1037.0,0.0
21605,35320M,진안군,"전문, 과학 및 기술 서비스업(70~73)",30.0,217.0,17.0,4.0,167.0,24.0,5.0
23609,35330M,무주군,"전문, 과학 및 기술 서비스업(70~73)",37.0,87.0,30.0,3.0,45.0,9.0,0.0
25613,35340M,장수군,"전문, 과학 및 기술 서비스업(70~73)",29.0,187.0,22.0,3.0,158.0,4.0,0.0
27617,35350M,임실군,"전문, 과학 및 기술 서비스업(70~73)",24.0,213.0,14.0,0.0,187.0,11.0,1.0
29621,35360M,순창군,"전문, 과학 및 기술 서비스업(70~73)",22.0,84.0,16.0,3.0,61.0,2.0,2.0
31625,35370M,고창군,"전문, 과학 및 기술 서비스업(70~73)",68.0,262.0,48.0,8.0,189.0,17.0,0.0
33629,35380M,부안군,"전문, 과학 및 기술 서비스업(70~73)",54.0,251.0,30.0,4.0,207.0,10.0,0.0
1565,35M,전라북도,"전문, 과학 및 기술 서비스업(70~73)",3112.0,20788.0,2162.0,162.0,16168.0,2221.0,75.0
3569,36010M,목포시,"전문, 과학 및 기술 서비스업(70~73)",360.0,1829.0,253.0,24.0,1480.0,67.0,5.0
5573,36020M,여수시,"전문, 과학 및 기술 서비스업(70~73)",352.0,2335.0,231.0,18.0,1995.0,89.0,2.0
7577,36030M,순천시,"전문, 과학 및 기술 서비스업(70~73)",464.0,2587.0,336.0,30.0,1886.0,332.0,3.0
9581,36040M,나주시,"전문, 과학 및 기술 서비스업(70~73)",228.0,2524.0,123.0,14.0,2180.0,197.0,10.0
11585,36060M,광양시,"전문, 과학 및 기술 서비스업(70~73)",160.0,898.0,97.0,6.0,759.0,34.0,2.0
13589,36310M,담양군,"전문, 과학 및 기술 서비스업(70~73)",51.0,371.0,22.0,2.0,316.0,30.0,1.0
15593,36320M,곡성군,"전문, 과학 및 기술 서비스업(70~73)",34.0,160.0,20.0,3.0,134.0,0.0,3.0
17597,36330M,구례군,"전문, 과학 및 기술 서비스업(70~73)",24.0,167.0,17.0,0.0,146.0,4.0,0.0
19601,36350M,고흥군,"전문, 과학 및 기술 서비스업(70~73)",60.0,235.0,44.0,6.0,178.0,7.0,0.0
21605,36360M,보성군,"전문, 과학 및 기술 서비스업(70~73)",47.0,203.0,35.0,4.0,128.0,36.0,0.0
23609,36370M,화순군,"전문, 과학 및 기술 서비스업(70~73)",121.0,1073.0,66.0,5.0,923.0,79.0,0.0
25613,36380M,장흥군,"전문, 과학 및 기술 서비스업(70~73)",65.0,312.0,44.0,6.0,252.0,9.0,1.0
27617,36390M,강진군,"전문, 과학 및 기술 서비스업(70~73)",48.0,325.0,27.0,4.0,254.0,40.0,0.0
29621,36400M,해남군,"전문, 과학 및 기술 서비스업(70~73)",75.0,282.0,56.0,7.0,208.0,11.0,0.0
31625,36410M,영암군,"전문, 과학 및 기술 서비스업(70~73)",82.0,386.0,54.0,5.0,320.0,6.0,1.0
33629,36420M,무안군,"전문, 과학 및 기술 서비스업(70~73)",85.0,591.0,51.0,4.0,512.0,14.0,10.0
35633,36430M,함평군,"전문, 과학 및 기술 서비스업(70~73)",33.0,124.0,23.0,4.0,91.0,6.0,0.0
37637,36440M,영광군,"전문, 과학 및 기술 서비스업(70~73)",66.0,506.0,42.0,5.0,456.0,3.0,0.0
39641,36450M,장성군,"전문, 과학 및 기술 서비스업(70~73)",58.0,279.0,35.0,2.0,232.0,10.0,0.0
41645,36460M,완도군,"전문, 과학 및 기술 서비스업(70~73)",38.0,174.0,23.0,1.0,140.0,10.0,0.0
43649,36470M,진도군,"전문, 과학 및 기술 서비스업(70~73)",31.0,113.0,18.0,5.0,75.0,14.0,1.0
45653,36480M,신안군,"전문, 과학 및 기술 서비스업(70~73)",16.0,119.0,9.0,0.0,106.0,4.0,0.0
1565,36M,전라남도,"전문, 과학 및 기술 서비스업(70~73)",2498.0,15593.0,1626.0,155.0,12771.0,1002.0,39.0
3569,37010M,포항시,"전문, 과학 및 기술 서비스업(70~73)",845.0,6703.0,522.0,39.0,5812.0,298.0,32.0
5573,37011M,남구,"전문, 과학 및 기술 서비스업(70~73)",447.0,4920.0,239.0,13.0,4430.0,209.0,29.0
7577,37012M,북구,"전문, 과학 및 기술 서비스업(70~73)",398.0,1783.0,283.0,26.0,1382.0,89.0,3.0
9581,37020M,경주시,"전문, 과학 및 기술 서비스업(70~73)",434.0,2638.0,310.0,29.0,1771.0,527.0,1.0
11585,37030M,김천시,"전문, 과학 및 기술 서비스업(70~73)",157.0,3729.0,112.0,6.0,3552.0,54.0,5.0
13589,37040M,안동시,"전문, 과학 및 기술 서비스업(70~73)",296.0,1614.0,199.0,20.0,1229.0,161.0,5.0
15593,37050M,구미시,"전문, 과학 및 기술 서비스업(70~73)",619.0,3048.0,444.0,33.0,2256.0,300.0,15.0
17597,37060M,영주시,"전문, 과학 및 기술 서비스업(70~73)",138.0,697.0,100.0,14.0,489.0,85.0,9.0
19601,37070M,영천시,"전문, 과학 및 기술 서비스업(70~73)",112.0,752.0,78.0,4.0,610.0,60.0,0.0
21605,37080M,상주시,"전문, 과학 및 기술 서비스업(70~73)",132.0,781.0,100.0,13.0,603.0,49.0,16.0
23609,37090M,문경시,"전문, 과학 및 기술 서비스업(70~73)",92.0,290.0,72.0,5.0,198.0,13.0,2.0
25613,37100M,경산시,"전문, 과학 및 기술 서비스업(70~73)",416.0,2851.0,248.0,15.0,2482.0,98.0,8.0
27617,37310M,군위군,"전문, 과학 및 기술 서비스업(70~73)",31.0,134.0,23.0,2.0,100.0,9.0,0.0
29621,37320M,의성군,"전문, 과학 및 기술 서비스업(70~73)",67.0,266.0,52.0,3.0,202.0,9.0,0.0
31625,37330M,청송군,"전문, 과학 및 기술 서비스업(70~73)",21.0,81.0,12.0,0.0,67.0,2.0,0.0
33629,37340M,영양군,"전문, 과학 및 기술 서비스업(70~73)",19.0,57.0,11.0,0.0,46.0,0.0,0.0
35633,37350M,영덕군,"전문, 과학 및 기술 서비스업(70~73)",40.0,179.0,29.0,2.0,128.0,20.0,0.0
37637,37360M,청도군,"전문, 과학 및 기술 서비스업(70~73)",62.0,199.0,50.0,8.0,105.0,36.0,0.0
39641,37370M,고령군,"전문, 과학 및 기술 서비스업(70~73)",40.0,184.0,32.0,1.0,146.0,5.0,0.0
41645,37380M,성주군,"전문, 과학 및 기술 서비스업(70~73)",55.0,245.0,42.0,7.0,186.0,10.0,0.0
43649,37390M,칠곡군,"전문, 과학 및 기술 서비스업(70~73)",117.0,608.0,75.0,14.0,495.0,24.0,0.0
45653,37400M,예천군,"전문, 과학 및 기술 서비스업(70~73)",52.0,152.0,40.0,2.0,91.0,18.0,1.0
47657,37410M,봉화군,"전문, 과학 및 기술 서비스업(70~73)",31.0,81.0,25.0,1.0,51.0,3.0,1.0
49661,37420M,울진군,"전문, 과학 및 기술 서비스업(70~73)",60.0,359.0,38.0,4.0,294.0,11.0,12.0
51665,37430M,울릉군,"전문, 과학 및 기술 서비스업(70~73)",12.0,32.0,8.0,1.0,19.0,4.0,0.0
1565,37M,경상북도,"전문, 과학 및 기술 서비스업(70~73)",3848.0,25680.0,2622.0,223.0,20932.0,1796.0,107.0
3569,38030M,진주시,"전문, 과학 및 기술 서비스업(70~73)",660.0,5496.0,471.0,40.0,4698.0,231.0,56.0
5573,38050M,통영시,"전문, 과학 및 기술 서비스업(70~73)",165.0,795.0,123.0,11.0,599.0,55.0,7.0
7577,38060M,사천시,"전문, 과학 및 기술 서비스업(70~73)",153.0,753.0,116.0,17.0,572.0,48.0,0.0
9581,38070M,김해시,"전문, 과학 및 기술 서비스업(70~73)",803.0,4573.0,578.0,32.0,3673.0,273.0,17.0
11585,38080M,밀양시,"전문, 과학 및 기술 서비스업(70~73)",157.0,889.0,114.0,4.0,721.0,49.0,1.0
13589,38090M,거제시,"전문, 과학 및 기술 서비스업(70~73)",322.0,4914.0,185.0,18.0,4619.0,89.0,3.0
15593,38100M,양산시,"전문, 과학 및 기술 서비스업(70~73)",354.0,1974.0,237.0,24.0,1524.0,189.0,0.0
17597,38110M,창원시,"전문, 과학 및 기술 서비스업(70~73)",1951.0,11736.0,1342.0,88.0,9765.0,486.0,55.0
19601,38111M,의창구,"전문, 과학 및 기술 서비스업(70~73)",624.0,3954.0,373.0,20.0,3360.0,190.0,11.0
21605,38112M,성산구,"전문, 과학 및 기술 서비스업(70~73)",743.0,5358.0,520.0,23.0,4627.0,158.0,30.0
23609,38113M,마산합포구,"전문, 과학 및 기술 서비스업(70~73)",285.0,1123.0,219.0,17.0,829.0,55.0,3.0
25613,38114M,마산회원구,"전문, 과학 및 기술 서비스업(70~73)",206.0,1020.0,150.0,16.0,804.0,39.0,11.0
27617,38115M,진해구,"전문, 과학 및 기술 서비스업(70~73)",93.0,281.0,80.0,12.0,145.0,44.0,0.0
29621,38310M,의령군,"전문, 과학 및 기술 서비스업(70~73)",34.0,91.0,28.0,2.0,56.0,5.0,0.0
31625,38320M,함안군,"전문, 과학 및 기술 서비스업(70~73)",78.0,336.0,55.0,5.0,239.0,25.0,12.0
33629,38330M,창녕군,"전문, 과학 및 기술 서비스업(70~73)",75.0,368.0,62.0,6.0,283.0,17.0,0.0
35633,38340M,고성군,"전문, 과학 및 기술 서비스업(70~73)",69.0,228.0,55.0,5.0,157.0,11.0,0.0
37637,38350M,남해군,"전문, 과학 및 기술 서비스업(70~73)",63.0,235.0,44.0,6.0,168.0,17.0,0.0
39641,38360M,하동군,"전문, 과학 및 기술 서비스업(70~73)",59.0,226.0,40.0,4.0,160.0,15.0,7.0
41645,38370M,산청군,"전문, 과학 및 기술 서비스업(70~73)",40.0,141.0,29.0,3.0,102.0,7.0,0.0
43649,38380M,함양군,"전문, 과학 및 기술 서비스업(70~73)",51.0,168.0,39.0,5.0,121.0,2.0,1.0
45653,38390M,거창군,"전문, 과학 및 기술 서비스업(70~73)",92.0,420.0,69.0,6.0,300.0,43.0,2.0
47657,38400M,합천군,"전문, 과학 및 기술 서비스업(70~73)",57.0,246.0,45.0,4.0,179.0,18.0,0.0
1565,38M,경상남도,"전문, 과학 및 기술 서비스업(70~73)",5183.0,33589.0,3632.0,280.0,27936.0,1580.0,161.0
3569,39010M,제주시,"전문, 과학 및 기술 서비스업(70~73)",1056.0,6285.0,741.0,45.0,5149.0,328.0,22.0
5573,39020M,서귀포시,"전문, 과학 및 기술 서비스업(70~73)",162.0,950.0,136.0,11.0,720.0,83.0,0.0
1565,39M,제주특별자치도,"전문, 과학 및 기술 서비스업(70~73)",1218.0,7235.0,877.0,56.0,5869.0,411.0,22.0
