,PassengerId,Survived,Pclass,Sex,Age,Fare,Embarked,Title,Family,Age_low,Age_middle,Age_high,Fare_log
0,1,0,3,0,22.0,7.25,0,0,1,False,True,False,2.1102132003465894
1,2,1,1,1,38.0,71.2833,1,2,1,False,True,False,4.2805931204649
2,3,1,3,1,26.0,7.925,0,1,0,False,True,False,2.188856327665703
3,4,1,1,1,35.0,53.1,0,2,1,False,True,False,3.9908341858524357
4,5,0,3,0,35.0,8.05,0,0,0,False,True,False,2.2027647577118348
5,6,0,3,0,28.0,8.4583,2,0,0,False,True,False,2.246892662898172
6,7,0,1,0,54.0,51.8625,0,0,0,False,True,False,3.967694202798607
7,8,0,3,0,2.0,21.075,0,3,1,True,False,False,3.0944457464900235
8,9,1,3,1,27.0,11.1333,0,2,1,False,True,False,2.495953738718064
9,10,1,2,1,14.0,30.0708,1,2,1,False,True,False,3.436268471383741
10,11,1,3,1,4.0,16.7,0,1,1,True,False,False,2.8735646395797834
11,12,1,1,1,58.0,26.55,0,1,0,False,True,False,3.3160025355989236
12,13,0,3,0,20.0,8.05,0,0,0,False,True,False,2.2027647577118348
13,14,0,3,0,39.0,31.275,0,0,1,False,True,False,3.4742929367327062
14,15,0,3,1,14.0,7.8542,0,1,0,False,True,False,2.180891922715322
15,16,1,2,1,55.0,16.0,0,2,0,False,True,False,2.833213344056216
16,17,0,3,0,2.0,29.125,2,3,1,True,False,False,3.405355391810819
17,18,1,2,0,28.0,13.0,0,0,0,False,True,False,2.6390573296152584
18,19,0,3,1,31.0,18.0,0,2,1,False,True,False,2.9444389791664403
19,20,1,3,1,28.0,7.225,1,2,0,False,True,False,2.1071782966514356
20,21,0,2,0,35.0,26.0,0,0,0,False,True,False,3.295836866004329
21,22,1,2,0,34.0,13.0,0,0,0,False,True,False,2.6390573296152584
22,23,1,3,1,15.0,8.0292,2,1,0,False,True,False,2.2004637699272855
23,24,1,1,0,28.0,35.5,0,0,0,False,True,False,3.597312260588446
24,25,0,3,1,8.0,21.075,0,1,1,True,False,False,3.0944457464900235
25,26,1,3,1,38.0,31.3875,0,2,1,False,True,False,3.4777725458882283
26,27,0,3,0,28.0,7.225,1,0,0,False,True,False,2.1071782966514356
27,28,0,1,0,19.0,263.0,0,0,1,False,True,False,5.575949103146316
28,29,1,3,1,28.0,7.8792,2,1,0,False,True,False,2.1837114628556327
29,30,0,3,0,28.0,7.8958,0,0,0,False,True,False,2.1855792552411137
30,31,0,1,0,40.0,27.7208,1,3,0,False,True,False,3.357621598945279
31,32,1,1,1,28.0,146.5208,1,2,1,False,True,False,4.993969182787072
32,33,1,3,1,28.0,7.75,2,1,0,False,True,False,2.169053700369523
33,34,0,2,0,66.0,10.5,0,0,0,False,False,True,2.4423470353692043
34,35,0,1,0,28.0,82.1708,1,0,1,False,True,False,4.420896324687287
35,36,0,1,0,42.0,52.0,0,0,1,False,True,False,3.970291913552122
36,37,1,3,0,28.0,7.2292,1,0,0,False,True,False,2.1076888046179385
37,38,0,3,0,21.0,8.05,0,0,0,False,True,False,2.2027647577118348
38,39,0,3,1,18.0,18.0,0,1,1,False,True,False,2.9444389791664403
39,40,1,3,1,14.0,11.2417,1,1,1,False,True,False,2.5048481563289
40,41,0,3,1,40.0,9.475,0,2,1,False,True,False,2.348991465808201
41,42,0,2,1,27.0,21.0,0,2,1,False,True,False,3.091042453358316
42,43,0,3,0,28.0,7.8958,1,0,0,False,True,False,2.1855792552411137
43,44,1,2,1,3.0,41.5792,1,1,1,True,False,False,3.7513658711253766
44,45,1,3,1,19.0,7.8792,2,1,0,False,True,False,2.1837114628556327
45,46,0,3,0,28.0,8.05,0,0,0,False,True,False,2.2027647577118348
46,47,0,3,0,28.0,15.5,2,0,1,False,True,False,2.803360380906535
47,48,1,3,1,28.0,7.75,2,1,0,False,True,False,2.169053700369523
48,49,0,3,0,28.0,21.6792,1,0,1,False,True,False,3.1214482048688246
49,50,0,3,1,18.0,17.8,0,2,1,False,True,False,2.9338568698359038
50,51,0,3,0,7.0,39.6875,0,3,1,True,False,False,3.705920919968788
51,52,0,3,0,21.0,7.8,0,0,0,False,True,False,2.174751721484161
52,53,1,1,1,49.0,76.7292,1,2,1,False,True,False,4.353230991152628
53,54,1,2,1,29.0,26.0,0,2,1,False,True,False,3.295836866004329
54,55,0,1,0,65.0,61.9792,1,0,1,False,False,True,4.142804513146981
55,56,1,1,0,28.0,35.5,0,0,0,False,True,False,3.597312260588446
56,57,1,2,1,21.0,10.5,0,1,0,False,True,False,2.4423470353692043
57,58,0,3,0,28.5,7.2292,1,0,0,False,True,False,2.1076888046179385
58,59,1,2,1,5.0,27.75,0,1,1,True,False,False,3.3586377672433594
59,60,0,3,0,11.0,46.9,0,3,1,False,True,False,3.8691155044168695
60,61,0,3,0,22.0,7.2292,1,0,0,False,True,False,2.1076888046179385
61,62,1,1,1,38.0,80.0,0,1,0,False,True,False,4.394449154672439
62,63,0,1,0,45.0,83.475,0,0,1,False,True,False,4.436455632600354
63,64,0,3,0,4.0,27.9,0,3,1,True,False,False,3.3638415951183864
64,65,0,1,0,28.0,27.7208,1,0,0,False,True,False,3.357621598945279
65,66,1,3,0,28.0,15.2458,1,3,1,False,True,False,2.7878344138303452
66,67,1,2,1,29.0,10.5,0,2,0,False,True,False,2.4423470353692043
67,68,0,3,0,19.0,8.1583,0,0,0,False,True,False,2.2146605719425225
68,69,1,3,1,17.0,7.925,0,1,1,False,True,False,2.188856327665703
69,70,0,3,0,26.0,8.6625,0,0,1,False,True,False,2.2682524139135403
70,71,0,2,0,32.0,10.5,0,0,0,False,True,False,2.4423470353692043
71,72,0,3,1,16.0,46.9,0,1,1,False,True,False,3.8691155044168695
72,73,0,2,0,21.0,73.5,0,0,0,False,True,False,4.310799125385514
73,74,0,3,0,26.0,14.4542,1,0,1,False,True,False,2.737880811060884
74,75,1,3,0,32.0,56.4958,0,0,0,False,True,False,4.05171190165724
75,76,0,3,0,25.0,7.65,0,0,0,False,True,False,2.157559320943788
76,77,0,3,0,28.0,7.8958,0,0,0,False,True,False,2.1855792552411137
77,78,0,3,0,28.0,8.05,0,0,0,False,True,False,2.2027647577118348
78,79,1,2,0,0.83,29.0,0,3,1,True,False,False,3.4011973816621555
79,80,1,3,1,30.0,12.475,0,1,0,False,True,False,2.600836116795061
80,81,0,3,0,22.0,9.0,0,0,0,False,True,False,2.302585092994046
81,82,1,3,0,29.0,9.5,0,0,0,False,True,False,2.3513752571634776
82,83,1,3,1,28.0,7.7875,2,1,0,False,True,False,2.1733302571367834
83,84,0,1,0,28.0,47.1,0,0,0,False,True,False,3.8732821771117156
84,85,1,2,1,17.0,10.5,0,1,0,False,True,False,2.4423470353692043
85,86,1,3,1,33.0,15.85,0,2,1,False,True,False,2.8243506567983707
86,87,0,3,0,16.0,34.375,0,0,1,False,True,False,3.5660053559634015
87,88,0,3,0,28.0,8.05,0,0,0,False,True,False,2.2027647577118348
88,89,1,1,1,23.0,263.0,0,1,1,False,True,False,5.575949103146316
89,90,0,3,0,24.0,8.05,0,0,0,False,True,False,2.2027647577118348
90,91,0,3,0,29.0,8.05,0,0,0,False,True,False,2.2027647577118348
91,92,0,3,0,20.0,7.8542,0,0,0,False,True,False,2.180891922715322
92,93,0,1,0,46.0,61.175,0,0,1,False,True,False,4.1299529896894684
93,94,0,3,0,26.0,20.575,0,0,1,False,True,False,3.0715352369694915
94,95,0,3,0,59.0,7.25,0,0,0,False,True,False,2.1102132003465894
95,96,0,3,0,28.0,8.05,0,0,0,False,True,False,2.2027647577118348
96,97,0,1,0,71.0,34.6542,1,0,0,False,False,True,3.57386695198272
97,98,1,1,0,23.0,63.3583,1,0,1,False,True,False,4.164465907853638
98,99,1,2,1,34.0,23.0,0,2,1,False,True,False,3.1780538303479458
99,100,0,2,0,34.0,26.0,0,0,1,False,True,False,3.295836866004329
100,101,0,3,1,28.0,7.8958,0,1,0,False,True,False,2.1855792552411137
101,102,0,3,0,28.0,7.8958,0,0,0,False,True,False,2.1855792552411137
102,103,0,1,0,21.0,77.2875,0,0,1,False,True,False,4.360387947851531
103,104,0,3,0,33.0,8.6542,0,0,0,False,True,False,2.267393053825037
104,105,0,3,0,37.0,7.925,0,0,1,False,True,False,2.188856327665703
105,106,0,3,0,28.0,7.8958,0,0,0,False,True,False,2.1855792552411137
106,107,1,3,1,21.0,7.65,0,1,0,False,True,False,2.157559320943788
107,108,1,3,0,28.0,7.775,0,0,0,False,True,False,2.1719067693519296
108,109,0,3,0,38.0,7.8958,0,0,0,False,True,False,2.1855792552411137
109,110,1,3,1,28.0,24.15,2,1,1,False,True,False,3.224857896545748
110,111,0,1,0,47.0,52.0,0,0,0,False,True,False,3.970291913552122
111,112,0,3,1,14.5,14.4542,1,1,1,False,True,False,2.737880811060884
112,113,0,3,0,22.0,8.05,0,0,0,False,True,False,2.2027647577118348
113,114,0,3,1,20.0,9.825,0,1,1,False,True,False,2.3818582738885534
114,115,0,3,1,17.0,14.4583,1,1,0,False,True,False,2.738146075922933
115,116,0,3,0,21.0,7.925,0,0,0,False,True,False,2.188856327665703
116,117,0,3,0,70.5,7.75,2,0,0,False,False,True,2.169053700369523
117,118,0,2,0,29.0,21.0,0,0,1,False,True,False,3.091042453358316
118,119,0,1,0,24.0,247.5208,1,0,1,False,True,False,5.515526544247129
119,120,0,3,1,2.0,31.275,0,1,1,True,False,False,3.4742929367327062
120,121,0,2,0,21.0,73.5,0,0,1,False,True,False,4.310799125385514
121,122,0,3,0,28.0,8.05,0,0,0,False,True,False,2.2027647577118348
122,123,0,2,0,32.5,30.0708,1,0,1,False,True,False,3.436268471383741
123,124,1,2,1,32.5,13.0,0,1,0,False,True,False,2.6390573296152584
124,125,0,1,0,54.0,77.2875,0,0,1,False,True,False,4.360387947851531
125,126,1,3,0,12.0,11.2417,1,3,1,False,True,False,2.5048481563289
126,127,0,3,0,28.0,7.75,2,0,0,False,True,False,2.169053700369523
127,128,1,3,0,24.0,7.1417,0,0,0,False,True,False,2.0969990034181696
128,129,1,3,1,28.0,22.3583,1,1,1,False,True,False,3.1509523813392697
129,130,0,3,0,45.0,6.975,0,0,0,False,True,False,2.076311648670908
130,131,0,3,0,33.0,7.8958,1,0,0,False,True,False,2.1855792552411137
131,132,0,3,0,20.0,7.05,0,0,0,False,True,False,2.0856720914304723
132,133,0,3,1,47.0,14.5,0,2,1,False,True,False,2.740840023925201
133,134,1,2,1,29.0,26.0,0,2,1,False,True,False,3.295836866004329
134,135,0,2,0,25.0,13.0,0,0,0,False,True,False,2.6390573296152584
135,136,0,2,0,23.0,15.0458,1,0,0,False,True,False,2.775447133088262
136,137,1,1,1,19.0,26.2833,0,1,1,False,True,False,3.3062747934011893
137,138,0,1,0,37.0,53.1,0,0,1,False,True,False,3.9908341858524357
138,139,0,3,0,16.0,9.2167,0,0,0,False,True,False,2.3240236363515288
139,140,0,1,0,24.0,79.2,1,0,0,False,True,False,4.384523514872469
140,141,0,3,1,28.0,15.2458,1,2,1,False,True,False,2.7878344138303452
141,142,1,3,1,22.0,7.75,0,1,0,False,True,False,2.169053700369523
142,143,1,3,1,24.0,15.85,0,2,1,False,True,False,2.8243506567983707
143,144,0,3,0,19.0,6.75,2,0,0,False,True,False,2.0476928433652555
144,145,0,2,0,18.0,11.5,0,0,0,False,True,False,2.5257286443082556
145,146,0,2,0,19.0,36.75,0,0,1,False,True,False,3.6309854756950335
146,147,1,3,0,27.0,7.7958,0,0,0,False,True,False,2.174274334826008
147,148,0,3,1,9.0,34.375,0,1,1,True,False,False,3.5660053559634015
148,149,0,2,0,36.5,26.0,0,0,1,False,True,False,3.295836866004329
149,150,0,2,0,42.0,13.0,0,3,0,False,True,False,2.6390573296152584
150,151,0,2,0,51.0,12.525,0,3,0,False,True,False,2.6045398247325453
151,152,1,1,1,22.0,66.6,0,2,1,False,True,False,4.213607983048918
152,153,0,3,0,55.5,8.05,0,0,0,False,True,False,2.2027647577118348
153,154,0,3,0,40.5,14.5,0,0,1,False,True,False,2.740840023925201
154,155,0,3,0,28.0,7.3125,0,0,0,False,True,False,2.1177604059819726
155,156,0,1,0,51.0,61.3792,1,0,1,False,True,False,4.133231886474144
156,157,1,3,1,16.0,7.7333,2,1,0,False,True,False,2.167143305297764
157,158,0,3,0,30.0,8.05,0,0,0,False,True,False,2.2027647577118348
158,159,0,3,0,28.0,8.6625,0,0,0,False,True,False,2.2682524139135403
159,160,0,3,0,28.0,69.55,0,3,1,False,True,False,4.256321678298823
160,161,0,3,0,44.0,16.1,0,0,1,False,True,False,2.8390784635086144
161,162,1,2,1,40.0,15.75,0,2,0,False,True,False,2.8183982582710754
162,163,0,3,0,26.0,7.775,0,0,0,False,True,False,2.1719067693519296
163,164,0,3,0,17.0,8.6625,0,0,0,False,True,False,2.2682524139135403
164,165,0,3,0,1.0,39.6875,0,3,1,True,False,False,3.705920919968788
165,166,1,3,0,9.0,20.525,0,3,1,True,False,False,3.0692150503137943
166,167,1,1,1,28.0,55.0,0,2,1,False,True,False,4.02535169073515
167,168,0,3,1,45.0,27.9,0,2,1,False,True,False,3.3638415951183864
168,169,0,1,0,28.0,25.925,0,0,0,False,True,False,3.2930552230424524
169,170,0,3,0,28.0,56.4958,0,0,0,False,True,False,4.05171190165724
170,171,0,1,0,61.0,33.5,0,0,0,False,False,True,3.5409593240373143
171,172,0,3,0,4.0,29.125,2,3,1,True,False,False,3.405355391810819
172,173,1,3,1,1.0,11.1333,0,1,1,True,False,False,2.495953738718064
173,174,0,3,0,21.0,7.925,0,0,0,False,True,False,2.188856327665703
174,175,0,1,0,56.0,30.6958,1,0,0,False,True,False,3.4561841799918147
175,176,0,3,0,18.0,7.8542,0,0,1,False,True,False,2.180891922715322
176,177,0,3,0,28.0,25.4667,0,3,1,False,True,False,3.275887339030031
177,178,0,1,1,50.0,28.7125,1,1,0,False,True,False,3.391567832686312
178,179,0,2,0,30.0,13.0,0,0,0,False,True,False,2.6390573296152584
179,180,0,3,0,36.0,0.0,0,0,0,False,True,False,0.0
180,181,0,3,1,28.0,69.55,0,1,1,False,True,False,4.256321678298823
181,182,0,2,0,28.0,15.05,1,0,0,False,True,False,2.775708849576025
182,183,0,3,0,9.0,31.3875,0,3,1,True,False,False,3.4777725458882283
183,184,1,2,0,1.0,39.0,0,3,1,True,False,False,3.6888794541139363
184,185,1,3,1,4.0,22.025,0,1,1,True,False,False,3.1365805821413706
185,186,0,1,0,28.0,50.0,0,0,0,False,True,False,3.9318256327243257
186,187,1,3,1,28.0,15.5,2,2,1,False,True,False,2.803360380906535
187,188,1,1,0,45.0,26.55,0,0,0,False,True,False,3.3160025355989236
188,189,0,3,0,40.0,15.5,2,0,1,False,True,False,2.803360380906535
189,190,0,3,0,36.0,7.8958,0,0,0,False,True,False,2.1855792552411137
190,191,1,2,1,32.0,13.0,0,2,0,False,True,False,2.6390573296152584
191,192,0,2,0,19.0,13.0,0,0,0,False,True,False,2.6390573296152584
192,193,1,3,1,19.0,7.8542,0,1,1,False,True,False,2.180891922715322
193,194,1,2,0,3.0,26.0,0,3,1,True,False,False,3.295836866004329
194,195,1,1,1,44.0,27.7208,1,2,0,False,True,False,3.357621598945279
195,196,1,1,1,58.0,146.5208,1,1,0,False,True,False,4.993969182787072
196,197,0,3,0,28.0,7.75,2,0,0,False,True,False,2.169053700369523
197,198,0,3,0,42.0,8.4042,0,0,1,False,True,False,2.2411563979973974
198,199,1,3,1,28.0,7.75,2,1,0,False,True,False,2.169053700369523
199,200,0,2,1,24.0,13.0,0,1,0,False,True,False,2.6390573296152584
200,201,0,3,0,28.0,9.5,0,0,0,False,True,False,2.3513752571634776
201,202,0,3,0,28.0,69.55,0,0,1,False,True,False,4.256321678298823
202,203,0,3,0,34.0,6.4958,0,0,0,False,True,False,2.0143428636837015
203,204,0,3,0,45.5,7.225,1,0,0,False,True,False,2.1071782966514356
204,205,1,3,0,18.0,8.05,0,0,0,False,True,False,2.2027647577118348
205,206,0,3,1,2.0,10.4625,0,1,1,True,False,False,2.4390808375825834
206,207,0,3,0,32.0,15.85,0,0,1,False,True,False,2.8243506567983707
207,208,1,3,0,26.0,18.7875,1,0,0,False,True,False,2.9850504252071306
208,209,1,3,1,16.0,7.75,2,1,0,False,True,False,2.169053700369523
209,210,1,1,0,40.0,31.0,1,0,0,False,True,False,3.4657359027997265
210,211,0,3,0,24.0,7.05,0,0,0,False,True,False,2.0856720914304723
211,212,1,2,1,35.0,21.0,0,1,0,False,True,False,3.091042453358316
212,213,0,3,0,22.0,7.25,0,0,0,False,True,False,2.1102132003465894
213,214,0,2,0,30.0,13.0,0,0,0,False,True,False,2.6390573296152584
214,215,0,3,0,28.0,7.75,2,0,1,False,True,False,2.169053700369523
215,216,1,1,1,31.0,113.275,1,1,1,False,True,False,4.738607824217808
216,217,1,3,1,27.0,7.925,0,1,0,False,True,False,2.188856327665703
217,218,0,2,0,42.0,27.0,0,0,1,False,True,False,3.332204510175204
218,219,1,1,1,32.0,76.2917,1,1,0,False,True,False,4.347586575960343
219,220,0,2,0,30.0,10.5,0,0,0,False,True,False,2.4423470353692043
220,221,1,3,0,16.0,8.05,0,0,0,False,True,False,2.2027647577118348
221,222,0,2,0,27.0,13.0,0,0,0,False,True,False,2.6390573296152584
222,223,0,3,0,51.0,8.05,0,0,0,False,True,False,2.2027647577118348
223,224,0,3,0,28.0,7.8958,0,0,0,False,True,False,2.1855792552411137
224,225,1,1,0,38.0,90.0,0,0,1,False,True,False,4.51085950651685
225,226,0,3,0,22.0,9.35,0,0,0,False,True,False,2.336986519711378
226,227,1,2,0,19.0,10.5,0,0,0,False,True,False,2.4423470353692043
227,228,0,3,0,20.5,7.25,0,0,0,False,True,False,2.1102132003465894
228,229,0,2,0,18.0,13.0,0,0,0,False,True,False,2.6390573296152584
229,230,0,3,1,28.0,25.4667,0,1,1,False,True,False,3.275887339030031
230,231,1,1,1,35.0,83.475,0,2,1,False,True,False,4.436455632600354
231,232,0,3,0,29.0,7.775,0,0,0,False,True,False,2.1719067693519296
232,233,0,2,0,59.0,13.5,0,0,0,False,True,False,2.6741486494265287
233,234,1,3,1,5.0,31.3875,0,1,1,True,False,False,3.4777725458882283
234,235,0,2,0,24.0,10.5,0,0,0,False,True,False,2.4423470353692043
235,236,0,3,1,28.0,7.55,0,1,0,False,True,False,2.145931282948669
236,237,0,2,0,44.0,26.0,0,0,1,False,True,False,3.295836866004329
237,238,1,2,1,8.0,26.25,0,1,1,True,False,False,3.305053521109253
238,239,0,2,0,19.0,10.5,0,0,0,False,True,False,2.4423470353692043
239,240,0,2,0,33.0,12.275,0,0,0,False,True,False,2.5858825671280026
240,241,0,3,1,28.0,14.4542,1,1,1,False,True,False,2.737880811060884
241,242,1,3,1,28.0,15.5,2,1,1,False,True,False,2.803360380906535
242,243,0,2,0,29.0,10.5,0,0,0,False,True,False,2.4423470353692043
243,244,0,3,0,22.0,7.125,0,0,0,False,True,False,2.094945728215801
244,245,0,3,0,30.0,7.225,1,0,0,False,True,False,2.1071782966514356
245,246,0,1,0,44.0,90.0,2,3,1,False,True,False,4.51085950651685
246,247,0,3,1,25.0,7.775,0,1,0,False,True,False,2.1719067693519296
247,248,1,2,1,24.0,14.5,0,2,1,False,True,False,2.740840023925201
248,249,1,1,0,37.0,52.5542,0,0,1,False,True,False,3.9806942251907276
249,250,0,2,0,54.0,26.0,0,3,1,False,True,False,3.295836866004329
250,251,0,3,0,28.0,7.25,0,0,0,False,True,False,2.1102132003465894
251,252,0,3,1,29.0,10.4625,0,2,1,False,True,False,2.4390808375825834
252,253,0,1,0,62.0,26.55,0,0,0,False,False,True,3.3160025355989236
253,254,0,3,0,30.0,16.1,0,0,1,False,True,False,2.8390784635086144
254,255,0,3,1,41.0,20.2125,0,2,1,False,True,False,3.0545906305603445
255,256,1,3,1,29.0,15.2458,1,2,1,False,True,False,2.7878344138303452
256,257,1,1,1,28.0,79.2,1,2,0,False,True,False,4.384523514872469
257,258,1,1,1,30.0,86.5,0,1,0,False,True,False,4.471638793363569
258,259,1,1,1,35.0,512.3292,1,1,0,False,True,False,6.240917354759096
259,260,1,2,1,50.0,26.0,0,2,1,False,True,False,3.295836866004329
260,261,0,3,0,28.0,7.75,2,0,0,False,True,False,2.169053700369523
261,262,1,3,0,3.0,31.3875,0,3,1,True,False,False,3.4777725458882283
262,263,0,1,0,52.0,79.65,0,0,1,False,True,False,4.390118804571218
263,264,0,1,0,40.0,0.0,0,0,0,False,True,False,0.0
264,265,0,3,1,28.0,7.75,2,1,0,False,True,False,2.169053700369523
265,266,0,2,0,36.0,10.5,0,0,0,False,True,False,2.4423470353692043
266,267,0,3,0,16.0,39.6875,0,0,1,False,True,False,3.705920919968788
267,268,1,3,0,25.0,7.775,0,0,1,False,True,False,2.1719067693519296
268,269,1,1,1,58.0,153.4625,0,2,1,False,True,False,5.039951348430309
269,270,1,1,1,35.0,135.6333,0,1,0,False,True,False,4.91730069488021
270,271,0,1,0,28.0,31.0,0,0,0,False,True,False,3.4657359027997265
271,272,1,3,0,25.0,0.0,0,0,0,False,True,False,0.0
272,273,1,2,1,41.0,19.5,0,2,1,False,True,False,3.0204248861443626
273,274,0,1,0,37.0,29.7,1,0,1,False,True,False,3.4242626545931514
274,275,1,3,1,28.0,7.75,2,1,0,False,True,False,2.169053700369523
275,276,1,1,1,63.0,77.9583,0,1,1,False,False,True,4.368919865004903
276,277,0,3,1,45.0,7.75,0,1,0,False,True,False,2.169053700369523
277,278,0,2,0,28.0,0.0,0,0,0,False,True,False,0.0
278,279,0,3,0,7.0,29.125,2,3,1,True,False,False,3.405355391810819
279,280,1,3,1,35.0,20.25,0,2,1,False,True,False,3.056356895370426
280,281,0,3,0,65.0,7.75,2,0,0,False,False,True,2.169053700369523
281,282,0,3,0,28.0,7.8542,0,0,0,False,True,False,2.180891922715322
282,283,0,3,0,16.0,9.5,0,0,0,False,True,False,2.3513752571634776
283,284,1,3,0,19.0,8.05,0,0,0,False,True,False,2.2027647577118348
284,285,0,1,0,28.0,26.0,0,0,0,False,True,False,3.295836866004329
285,286,0,3,0,33.0,8.6625,1,0,0,False,True,False,2.2682524139135403
286,287,1,3,0,30.0,9.5,0,0,0,False,True,False,2.3513752571634776
287,288,0,3,0,22.0,7.8958,0,0,0,False,True,False,2.1855792552411137
288,289,1,2,0,42.0,13.0,0,0,0,False,True,False,2.6390573296152584
289,290,1,3,1,22.0,7.75,2,1,0,False,True,False,2.169053700369523
290,291,1,1,1,26.0,78.85,0,1,0,False,True,False,4.380149874661021
291,292,1,1,1,19.0,91.0792,1,2,1,False,True,False,4.5226490762785785
292,293,0,2,0,36.0,12.875,1,0,0,False,True,False,2.630088659632498
293,294,0,3,1,24.0,8.85,0,1,0,False,True,False,2.2874714551839976
294,295,0,3,0,24.0,7.8958,0,0,0,False,True,False,2.1855792552411137
295,296,0,1,0,28.0,27.7208,1,0,0,False,True,False,3.357621598945279
296,297,0,3,0,23.5,7.2292,1,0,0,False,True,False,2.1076888046179385
297,298,0,1,1,2.0,151.55,0,1,1,True,False,False,5.027492411162679
298,299,1,1,0,28.0,30.5,0,0,0,False,True,False,3.449987545831587
299,300,1,1,1,50.0,247.5208,1,2,1,False,True,False,5.515526544247129
300,301,1,3,1,28.0,7.75,2,1,0,False,True,False,2.169053700369523
301,302,1,3,0,28.0,23.25,2,0,1,False,True,False,3.188416617383492
302,303,0,3,0,19.0,0.0,0,0,0,False,True,False,0.0
303,304,1,2,1,28.0,12.35,2,1,0,False,True,False,2.5915163848462583
304,305,0,3,0,28.0,8.05,0,0,0,False,True,False,2.2027647577118348
305,306,1,1,0,0.92,151.55,0,3,1,True,False,False,5.027492411162679
306,307,1,1,1,28.0,110.8833,1,1,0,False,True,False,4.717456363787216
307,308,1,1,1,17.0,108.9,1,2,1,False,True,False,4.699570861409576
308,309,0,2,0,30.0,24.0,1,0,1,False,True,False,3.2188758248682006
309,310,1,1,1,30.0,56.9292,1,1,0,False,True,False,4.0592215752427645
310,311,1,1,1,24.0,83.1583,1,1,0,False,True,False,4.432699549165613
311,312,1,1,1,18.0,262.375,1,1,1,False,True,False,5.5735788721243535
312,313,0,2,1,26.0,26.0,0,2,1,False,True,False,3.295836866004329
313,314,0,3,0,28.0,7.8958,0,0,0,False,True,False,2.1855792552411137
314,315,0,2,0,43.0,26.25,0,0,1,False,True,False,3.305053521109253
315,316,1,3,1,26.0,7.8542,0,1,0,False,True,False,2.180891922715322
316,317,1,2,1,24.0,26.0,0,2,1,False,True,False,3.295836866004329
317,318,0,2,0,54.0,14.0,0,3,0,False,True,False,2.70805020110221
318,319,1,1,1,31.0,164.8667,0,1,1,False,True,False,5.11118445372147
319,320,1,1,1,40.0,134.5,1,2,1,False,True,False,4.908971640319756
320,321,0,3,0,22.0,7.25,0,0,0,False,True,False,2.1102132003465894
321,322,0,3,0,27.0,7.8958,0,0,0,False,True,False,2.1855792552411137
322,323,1,2,1,30.0,12.35,2,1,0,False,True,False,2.5915163848462583
323,324,1,2,1,22.0,29.0,0,2,1,False,True,False,3.4011973816621555
324,325,0,3,0,28.0,69.55,0,0,1,False,True,False,4.256321678298823
325,326,1,1,1,36.0,135.6333,1,1,0,False,True,False,4.91730069488021
326,327,0,3,0,61.0,6.2375,0,0,0,False,False,True,1.9792758428991135
327,328,1,2,1,36.0,13.0,0,2,0,False,True,False,2.6390573296152584
328,329,1,3,1,31.0,20.525,0,2,1,False,True,False,3.0692150503137943
329,330,1,1,1,16.0,57.9792,1,1,1,False,True,False,4.077184839375167
330,331,1,3,1,28.0,23.25,2,1,1,False,True,False,3.188416617383492
331,332,0,1,0,45.5,28.5,0,0,0,False,True,False,3.3843902633457743
332,333,0,1,0,38.0,153.4625,0,0,1,False,True,False,5.039951348430309
333,334,0,3,0,16.0,18.0,0,0,1,False,True,False,2.9444389791664403
334,335,1,1,1,28.0,133.65,0,2,1,False,True,False,4.902678819257608
335,336,0,3,0,28.0,7.8958,0,0,0,False,True,False,2.1855792552411137
336,337,0,1,0,29.0,66.6,0,0,1,False,True,False,4.213607983048918
337,338,1,1,1,41.0,134.5,1,1,0,False,True,False,4.908971640319756
338,339,1,3,0,45.0,8.05,0,0,0,False,True,False,2.2027647577118348
339,340,0,1,0,45.0,35.5,0,0,0,False,True,False,3.597312260588446
340,341,1,2,0,2.0,26.0,0,3,1,True,False,False,3.295836866004329
341,342,1,1,1,24.0,263.0,0,1,1,False,True,False,5.575949103146316
342,343,0,2,0,28.0,13.0,0,0,0,False,True,False,2.6390573296152584
343,344,0,2,0,25.0,13.0,0,0,0,False,True,False,2.6390573296152584
344,345,0,2,0,36.0,13.0,0,0,0,False,True,False,2.6390573296152584
345,346,1,2,1,24.0,13.0,0,1,0,False,True,False,2.6390573296152584
346,347,1,2,1,40.0,13.0,0,1,0,False,True,False,2.6390573296152584
347,348,1,3,1,28.0,16.1,0,2,1,False,True,False,2.8390784635086144
348,349,1,3,0,3.0,15.9,0,3,1,True,False,False,2.8273136219290276
349,350,0,3,0,42.0,8.6625,0,0,0,False,True,False,2.2682524139135403
350,351,0,3,0,23.0,9.225,0,0,0,False,True,False,2.3248357019288655
351,352,0,1,0,28.0,35.0,0,0,0,False,True,False,3.58351893845611
352,353,0,3,0,15.0,7.2292,1,0,1,False,True,False,2.1076888046179385
353,354,0,3,0,25.0,17.8,0,0,1,False,True,False,2.9338568698359038
354,355,0,3,0,28.0,7.225,1,0,0,False,True,False,2.1071782966514356
355,356,0,3,0,28.0,9.5,0,0,0,False,True,False,2.3513752571634776
356,357,1,1,1,22.0,55.0,0,1,1,False,True,False,4.02535169073515
357,358,0,2,1,38.0,13.0,0,1,0,False,True,False,2.6390573296152584
358,359,1,3,1,28.0,7.8792,2,1,0,False,True,False,2.1837114628556327
359,360,1,3,1,28.0,7.8792,2,1,0,False,True,False,2.1837114628556327
360,361,0,3,0,40.0,27.9,0,0,1,False,True,False,3.3638415951183864
361,362,0,2,0,29.0,27.7208,1,0,1,False,True,False,3.357621598945279
362,363,0,3,1,45.0,14.4542,1,2,1,False,True,False,2.737880811060884
363,364,0,3,0,35.0,7.05,0,0,0,False,True,False,2.0856720914304723
364,365,0,3,0,28.0,15.5,2,0,1,False,True,False,2.803360380906535
365,366,0,3,0,30.0,7.25,0,0,0,False,True,False,2.1102132003465894
366,367,1,1,1,60.0,75.25,1,2,1,False,True,False,4.334017415487521
367,368,1,3,1,28.0,7.2292,1,2,0,False,True,False,2.1076888046179385
368,369,1,3,1,28.0,7.75,2,1,0,False,True,False,2.169053700369523
369,370,1,1,1,24.0,69.3,1,3,0,False,True,False,4.252771798816619
370,371,1,1,0,25.0,55.4417,1,0,1,False,True,False,4.0332082470129285
371,372,0,3,0,18.0,6.4958,0,0,1,False,True,False,2.0143428636837015
372,373,0,3,0,19.0,8.05,0,0,0,False,True,False,2.2027647577118348
373,374,0,1,0,22.0,135.6333,1,0,0,False,True,False,4.91730069488021
374,375,0,3,1,3.0,21.075,0,1,1,True,False,False,3.0944457464900235
375,376,1,1,1,28.0,82.1708,1,2,1,False,True,False,4.420896324687287
376,377,1,3,1,22.0,7.25,0,1,0,False,True,False,2.1102132003465894
377,378,0,1,0,27.0,211.5,1,0,1,False,True,False,5.358941988364472
378,379,0,3,0,20.0,4.0125,1,0,0,False,True,False,1.6119347926326877
379,380,0,3,0,19.0,7.775,0,0,0,False,True,False,2.1719067693519296
380,381,1,1,1,42.0,227.525,1,1,0,False,True,False,5.4316456135398825
381,382,1,3,1,1.0,15.7417,1,1,1,True,False,False,2.817902613071225
382,383,0,3,0,32.0,7.925,0,0,0,False,True,False,2.188856327665703
383,384,1,1,1,35.0,52.0,0,2,1,False,True,False,3.970291913552122
384,385,0,3,0,28.0,7.8958,0,0,0,False,True,False,2.1855792552411137
385,386,0,2,0,18.0,73.5,0,0,0,False,True,False,4.310799125385514
386,387,0,3,0,1.0,46.9,0,3,1,True,False,False,3.8691155044168695
387,388,1,2,1,36.0,13.0,0,1,0,False,True,False,2.6390573296152584
388,389,0,3,0,28.0,7.7292,2,0,0,False,True,False,2.1666737276227077
389,390,1,2,1,17.0,12.0,1,1,0,False,True,False,2.5649493574615367
390,391,1,1,0,36.0,120.0,0,0,1,False,True,False,4.795790545596741
391,392,1,3,0,21.0,7.7958,0,0,0,False,True,False,2.174274334826008
392,393,0,3,0,28.0,7.925,0,0,1,False,True,False,2.188856327665703
393,394,1,1,1,23.0,113.275,1,1,1,False,True,False,4.738607824217808
394,395,1,3,1,24.0,16.7,0,2,1,False,True,False,2.8735646395797834
395,396,0,3,0,22.0,7.7958,0,0,0,False,True,False,2.174274334826008
396,397,0,3,1,31.0,7.8542,0,1,0,False,True,False,2.180891922715322
397,398,0,2,0,46.0,26.0,0,0,0,False,True,False,3.295836866004329
398,399,0,2,0,23.0,10.5,0,3,0,False,True,False,2.4423470353692043
399,400,1,2,1,28.0,12.65,0,2,0,False,True,False,2.613739521630969
400,401,1,3,0,39.0,7.925,0,0,0,False,True,False,2.188856327665703
401,402,0,3,0,26.0,8.05,0,0,0,False,True,False,2.2027647577118348
402,403,0,3,1,21.0,9.825,0,1,1,False,True,False,2.3818582738885534
403,404,0,3,0,28.0,15.85,0,0,1,False,True,False,2.8243506567983707
404,405,0,3,1,20.0,8.6625,0,1,0,False,True,False,2.2682524139135403
405,406,0,2,0,34.0,21.0,0,0,1,False,True,False,3.091042453358316
406,407,0,3,0,51.0,7.75,0,0,0,False,True,False,2.169053700369523
407,408,1,2,0,3.0,18.75,0,3,1,True,False,False,2.9831534913471307
408,409,0,3,0,21.0,7.775,0,0,0,False,True,False,2.1719067693519296
409,410,0,3,1,28.0,25.4667,0,1,1,False,True,False,3.275887339030031
410,411,0,3,0,28.0,7.8958,0,0,0,False,True,False,2.1855792552411137
411,412,0,3,0,28.0,6.8583,2,0,0,False,True,False,2.061570298060867
412,413,1,1,1,33.0,90.0,2,1,1,False,True,False,4.51085950651685
413,414,0,2,0,28.0,0.0,0,0,0,False,True,False,0.0
414,415,1,3,0,44.0,7.925,0,0,0,False,True,False,2.188856327665703
415,416,0,3,1,28.0,8.05,0,2,0,False,True,False,2.2027647577118348
416,417,1,2,1,34.0,32.5,0,2,1,False,True,False,3.5115454388310208
417,418,1,2,1,18.0,13.0,0,1,1,False,True,False,2.6390573296152584
418,419,0,2,0,30.0,13.0,0,0,0,False,True,False,2.6390573296152584
419,420,0,3,1,10.0,24.15,0,1,1,False,True,False,3.224857896545748
420,421,0,3,0,28.0,7.8958,1,0,0,False,True,False,2.1855792552411137
421,422,0,3,0,21.0,7.7333,2,0,0,False,True,False,2.167143305297764
422,423,0,3,0,29.0,7.875,0,0,0,False,True,False,2.1832383353614797
423,424,0,3,1,28.0,14.4,0,2,1,False,True,False,2.7343675094195836
424,425,0,3,0,18.0,20.2125,0,0,1,False,True,False,3.0545906305603445
425,426,0,3,0,28.0,7.25,0,0,0,False,True,False,2.1102132003465894
426,427,1,2,1,28.0,26.0,0,2,1,False,True,False,3.295836866004329
427,428,1,2,1,19.0,26.0,0,1,0,False,True,False,3.295836866004329
428,429,0,3,0,28.0,7.75,2,0,0,False,True,False,2.169053700369523
429,430,1,3,0,32.0,8.05,0,0,0,False,True,False,2.2027647577118348
430,431,1,1,0,28.0,26.55,0,0,0,False,True,False,3.3160025355989236
431,432,1,3,1,28.0,16.1,0,2,1,False,True,False,2.8390784635086144
432,433,1,2,1,42.0,26.0,0,2,1,False,True,False,3.295836866004329
433,434,0,3,0,17.0,7.125,0,0,0,False,True,False,2.094945728215801
434,435,0,1,0,50.0,55.9,0,0,1,False,True,False,4.041295341132285
435,436,1,1,1,14.0,120.0,0,1,1,False,True,False,4.795790545596741
436,437,0,3,1,21.0,34.375,0,1,1,False,True,False,3.5660053559634015
437,438,1,2,1,24.0,18.75,0,2,1,False,True,False,2.9831534913471307
438,439,0,1,0,64.0,263.0,0,0,1,False,False,True,5.575949103146316
439,440,0,2,0,31.0,10.5,0,0,0,False,True,False,2.4423470353692043
440,441,1,2,1,45.0,26.25,0,2,1,False,True,False,3.305053521109253
441,442,0,3,0,20.0,9.5,0,0,0,False,True,False,2.3513752571634776
442,443,0,3,0,25.0,7.775,0,0,1,False,True,False,2.1719067693519296
443,444,1,2,1,28.0,13.0,0,3,0,False,True,False,2.6390573296152584
444,445,1,3,0,28.0,8.1125,0,0,0,False,True,False,2.2096470973347766
445,446,1,1,0,4.0,81.8583,0,3,1,True,False,False,4.417131919904876
446,447,1,2,1,13.0,19.5,0,1,1,False,True,False,3.0204248861443626
447,448,1,1,0,34.0,26.55,0,0,0,False,True,False,3.3160025355989236
448,449,1,3,1,5.0,19.2583,1,1,1,True,False,False,3.0085645861193133
449,450,1,1,0,52.0,30.5,0,3,0,False,True,False,3.449987545831587
450,451,0,2,0,36.0,27.75,0,0,1,False,True,False,3.3586377672433594
451,452,0,3,0,28.0,19.9667,0,0,1,False,True,False,3.0429354648621407
452,453,0,1,0,30.0,27.75,1,0,0,False,True,False,3.3586377672433594
453,454,1,1,0,49.0,89.1042,1,0,1,False,True,False,4.500966778400217
454,455,0,3,0,28.0,8.05,0,0,0,False,True,False,2.2027647577118348
455,456,1,3,0,29.0,7.8958,1,0,0,False,True,False,2.1855792552411137
456,457,0,1,0,65.0,26.55,0,0,0,False,False,True,3.3160025355989236
457,458,1,1,1,28.0,51.8625,0,2,1,False,True,False,3.967694202798607
458,459,1,2,1,50.0,10.5,0,1,0,False,True,False,2.4423470353692043
459,460,0,3,0,28.0,7.75,2,0,0,False,True,False,2.169053700369523
460,461,1,1,0,48.0,26.55,0,0,0,False,True,False,3.3160025355989236
461,462,0,3,0,34.0,8.05,0,0,0,False,True,False,2.2027647577118348
462,463,0,1,0,47.0,38.5,0,0,0,False,True,False,3.676300671907076
463,464,0,2,0,48.0,13.0,0,0,0,False,True,False,2.6390573296152584
464,465,0,3,0,28.0,8.05,0,0,0,False,True,False,2.2027647577118348
465,466,0,3,0,38.0,7.05,0,0,0,False,True,False,2.0856720914304723
466,467,0,2,0,28.0,0.0,0,0,0,False,True,False,0.0
467,468,0,1,0,56.0,26.55,0,0,0,False,True,False,3.3160025355989236
468,469,0,3,0,28.0,7.725,2,0,0,False,True,False,2.1661924680884908
469,470,1,3,1,0.75,19.2583,1,1,1,True,False,False,3.0085645861193133
470,471,0,3,0,28.0,7.25,0,0,0,False,True,False,2.1102132003465894
471,472,0,3,0,38.0,8.6625,0,0,0,False,True,False,2.2682524139135403
472,473,1,2,1,33.0,27.75,0,2,1,False,True,False,3.3586377672433594
473,474,1,2,1,23.0,13.7917,1,2,0,False,True,False,2.694066212646058
474,475,0,3,1,22.0,9.8375,0,1,0,False,True,False,2.3830123421066602
475,476,0,1,0,28.0,52.0,0,0,0,False,True,False,3.970291913552122
476,477,0,2,0,34.0,21.0,0,0,1,False,True,False,3.091042453358316
477,478,0,3,0,29.0,7.0458,0,0,1,False,True,False,2.0851502161468174
478,479,0,3,0,22.0,7.5208,0,0,0,False,True,False,2.142510233146819
479,480,1,3,1,2.0,12.2875,0,1,1,True,False,False,2.586823743668066
480,481,0,3,0,9.0,46.9,0,3,1,True,False,False,3.8691155044168695
481,482,0,2,0,28.0,0.0,0,0,0,False,True,False,0.0
482,483,0,3,0,50.0,8.05,0,0,0,False,True,False,2.2027647577118348
483,484,1,3,1,63.0,9.5875,0,2,0,False,False,True,2.3596740599781727
484,485,1,1,0,25.0,91.0792,1,0,1,False,True,False,4.5226490762785785
485,486,0,3,1,28.0,25.4667,0,1,1,False,True,False,3.275887339030031
486,487,1,1,1,35.0,90.0,0,2,1,False,True,False,4.51085950651685
487,488,0,1,0,58.0,29.7,1,0,0,False,True,False,3.4242626545931514
488,489,0,3,0,30.0,8.05,0,0,0,False,True,False,2.2027647577118348
489,490,1,3,0,9.0,15.9,0,3,1,True,False,False,2.8273136219290276
490,491,0,3,0,28.0,19.9667,0,0,1,False,True,False,3.0429354648621407
491,492,0,3,0,21.0,7.25,0,0,0,False,True,False,2.1102132003465894
492,493,0,1,0,55.0,30.5,0,0,0,False,True,False,3.449987545831587
493,494,0,1,0,71.0,49.5042,1,0,0,False,False,True,3.922056501139853
494,495,0,3,0,21.0,8.05,0,0,0,False,True,False,2.2027647577118348
495,496,0,3,0,28.0,14.4583,1,0,0,False,True,False,2.738146075922933
496,497,1,1,1,54.0,78.2667,1,1,1,False,True,False,4.37281811610993
497,498,0,3,0,28.0,15.1,0,0,0,False,True,False,2.7788192719904172
498,499,0,1,1,25.0,151.55,0,2,1,False,True,False,5.027492411162679
499,500,0,3,0,24.0,7.7958,0,0,0,False,True,False,2.174274334826008
500,501,0,3,0,17.0,8.6625,0,0,0,False,True,False,2.2682524139135403
501,502,0,3,1,21.0,7.75,2,1,0,False,True,False,2.169053700369523
502,503,0,3,1,28.0,7.6292,2,1,0,False,True,False,2.155151800914312
503,504,0,3,1,37.0,9.5875,0,1,0,False,True,False,2.3596740599781727
504,505,1,1,1,16.0,86.5,0,1,0,False,True,False,4.471638793363569
505,506,0,1,0,18.0,108.9,1,0,1,False,True,False,4.699570861409576
506,507,1,2,1,33.0,26.0,0,2,1,False,True,False,3.295836866004329
507,508,1,1,0,28.0,26.55,0,0,0,False,True,False,3.3160025355989236
508,509,0,3,0,28.0,22.525,0,0,0,False,True,False,3.1580636854714434
509,510,1,3,0,26.0,56.4958,0,0,0,False,True,False,4.05171190165724
510,511,1,3,0,29.0,7.75,2,0,0,False,True,False,2.169053700369523
511,512,0,3,0,28.0,8.05,0,0,0,False,True,False,2.2027647577118348
512,513,1,1,0,36.0,26.2875,0,0,0,False,True,False,3.3064287218760624
513,514,1,1,1,54.0,59.4,1,2,1,False,True,False,4.100989104940769
514,515,0,3,0,24.0,7.4958,0,0,0,False,True,False,2.139571923732859
515,516,0,1,0,47.0,34.0208,0,0,0,False,True,False,3.5559421706858756
516,517,1,2,1,34.0,10.5,0,2,0,False,True,False,2.4423470353692043
517,518,0,3,0,28.0,24.15,2,0,0,False,True,False,3.224857896545748
518,519,1,2,1,36.0,26.0,0,2,1,False,True,False,3.295836866004329
519,520,0,3,0,32.0,7.8958,0,0,0,False,True,False,2.1855792552411137
520,521,1,1,1,30.0,93.5,0,1,0,False,True,False,4.548599834499697
521,522,0,3,0,22.0,7.8958,0,0,0,False,True,False,2.1855792552411137
522,523,0,3,0,28.0,7.225,1,0,0,False,True,False,2.1071782966514356
523,524,1,1,1,44.0,57.9792,1,2,1,False,True,False,4.077184839375167
524,525,0,3,0,28.0,7.2292,1,0,0,False,True,False,2.1076888046179385
525,526,0,3,0,40.5,7.75,2,0,0,False,True,False,2.169053700369523
526,527,1,2,1,50.0,10.5,0,1,0,False,True,False,2.4423470353692043
527,528,0,1,0,28.0,221.7792,0,0,0,False,True,False,5.406181146423973
528,529,0,3,0,39.0,7.925,0,0,0,False,True,False,2.188856327665703
529,530,0,2,0,23.0,11.5,0,0,1,False,True,False,2.5257286443082556
530,531,1,2,1,2.0,26.0,0,1,1,True,False,False,3.295836866004329
531,532,0,3,0,28.0,7.2292,1,0,0,False,True,False,2.1076888046179385
532,533,0,3,0,17.0,7.2292,1,0,1,False,True,False,2.1076888046179385
533,534,1,3,1,28.0,22.3583,1,2,1,False,True,False,3.1509523813392697
534,535,0,3,1,30.0,8.6625,0,1,0,False,True,False,2.2682524139135403
535,536,1,2,1,7.0,26.25,0,1,1,True,False,False,3.305053521109253
536,537,0,1,0,45.0,26.55,0,3,0,False,True,False,3.3160025355989236
537,538,1,1,1,30.0,106.425,1,1,0,False,True,False,4.676792929661059
538,539,0,3,0,28.0,14.5,0,0,0,False,True,False,2.740840023925201
539,540,1,1,1,22.0,49.5,1,1,1,False,True,False,3.9219733362813143
540,541,1,1,1,36.0,71.0,0,1,1,False,True,False,4.276666119016055
541,542,0,3,1,9.0,31.275,0,1,1,True,False,False,3.4742929367327062
542,543,0,3,1,11.0,31.275,0,1,1,False,True,False,3.4742929367327062
543,544,1,2,0,32.0,26.0,0,0,1,False,True,False,3.295836866004329
544,545,0,1,0,50.0,106.425,1,0,1,False,True,False,4.676792929661059
545,546,0,1,0,64.0,26.0,0,0,0,False,False,True,3.295836866004329
546,547,1,2,1,19.0,26.0,0,2,1,False,True,False,3.295836866004329
547,548,1,2,0,28.0,13.8625,1,0,0,False,True,False,2.6988412620169004
548,549,0,3,0,33.0,20.525,0,0,1,False,True,False,3.0692150503137943
549,550,1,2,0,8.0,36.75,0,3,1,True,False,False,3.6309854756950335
550,551,1,1,0,17.0,110.8833,1,0,1,False,True,False,4.717456363787216
551,552,0,2,0,27.0,26.0,0,0,0,False,True,False,3.295836866004329
552,553,0,3,0,28.0,7.8292,2,0,0,False,True,False,2.17806441028492
553,554,1,3,0,22.0,7.225,1,0,0,False,True,False,2.1071782966514356
554,555,1,3,1,22.0,7.775,0,1,0,False,True,False,2.1719067693519296
555,556,0,1,0,62.0,26.55,0,0,0,False,False,True,3.3160025355989236
556,557,1,1,1,48.0,39.6,1,3,1,False,True,False,3.703768066607687
557,558,0,1,0,28.0,227.525,1,0,0,False,True,False,5.4316456135398825
558,559,1,1,1,39.0,79.65,0,2,1,False,True,False,4.390118804571218
559,560,1,3,1,36.0,17.4,0,2,1,False,True,False,2.91235066461494
560,561,0,3,0,28.0,7.75,2,0,0,False,True,False,2.169053700369523
561,562,0,3,0,40.0,7.8958,0,0,0,False,True,False,2.1855792552411137
562,563,0,2,0,28.0,13.5,0,0,0,False,True,False,2.6741486494265287
563,564,0,3,0,28.0,8.05,0,0,0,False,True,False,2.2027647577118348
564,565,0,3,1,28.0,8.05,0,1,0,False,True,False,2.2027647577118348
565,566,0,3,0,24.0,24.15,0,0,1,False,True,False,3.224857896545748
566,567,0,3,0,19.0,7.8958,0,0,0,False,True,False,2.1855792552411137
567,568,0,3,1,29.0,21.075,0,2,1,False,True,False,3.0944457464900235
568,569,0,3,0,28.0,7.2292,1,0,0,False,True,False,2.1076888046179385
569,570,1,3,0,32.0,7.8542,0,0,0,False,True,False,2.180891922715322
570,571,1,2,0,62.0,10.5,0,0,0,False,False,True,2.4423470353692043
571,572,1,1,1,53.0,51.4792,0,2,1,False,True,False,3.960416900617205
572,573,1,1,0,36.0,26.3875,0,0,0,False,True,False,3.3100867049215847
573,574,1,3,1,28.0,7.75,2,1,0,False,True,False,2.169053700369523
574,575,0,3,0,16.0,8.05,0,0,0,False,True,False,2.2027647577118348
575,576,0,3,0,19.0,14.5,0,0,0,False,True,False,2.740840023925201
576,577,1,2,1,34.0,13.0,0,1,0,False,True,False,2.6390573296152584
577,578,1,1,1,39.0,55.9,0,2,1,False,True,False,4.041295341132285
578,579,0,3,1,28.0,14.4583,1,2,1,False,True,False,2.738146075922933
579,580,1,3,0,32.0,7.925,0,0,0,False,True,False,2.188856327665703
580,581,1,2,1,25.0,30.0,0,1,1,False,True,False,3.4339872044851463
581,582,1,1,1,39.0,110.8833,1,2,1,False,True,False,4.717456363787216
582,583,0,2,0,54.0,26.0,0,0,0,False,True,False,3.295836866004329
583,584,0,1,0,36.0,40.125,1,0,0,False,True,False,3.716616209085536
584,585,0,3,0,28.0,8.7125,1,0,0,False,True,False,2.2734137156937657
585,586,1,1,1,18.0,79.65,0,1,1,False,True,False,4.390118804571218
586,587,0,2,0,47.0,15.0,0,0,0,False,True,False,2.772588722239781
587,588,1,1,0,60.0,79.2,1,0,1,False,True,False,4.384523514872469
588,589,0,3,0,22.0,8.05,0,0,0,False,True,False,2.2027647577118348
589,590,0,3,0,28.0,8.05,0,0,0,False,True,False,2.2027647577118348
590,591,0,3,0,35.0,7.125,0,0,0,False,True,False,2.094945728215801
591,592,1,1,1,52.0,78.2667,1,2,1,False,True,False,4.37281811610993
592,593,0,3,0,47.0,7.25,0,0,0,False,True,False,2.1102132003465894
593,594,0,3,1,28.0,7.75,2,1,1,False,True,False,2.169053700369523
594,595,0,2,0,37.0,26.0,0,0,1,False,True,False,3.295836866004329
595,596,0,3,0,36.0,24.15,0,0,1,False,True,False,3.224857896545748
596,597,1,2,1,28.0,33.0,0,1,0,False,True,False,3.5263605246161616
597,598,0,3,0,49.0,0.0,0,0,0,False,True,False,0.0
598,599,0,3,0,28.0,7.225,1,0,0,False,True,False,2.1071782966514356
599,600,1,1,0,49.0,56.9292,1,3,1,False,True,False,4.0592215752427645
600,601,1,2,1,24.0,27.0,0,2,1,False,True,False,3.332204510175204
601,602,0,3,0,28.0,7.8958,0,0,0,False,True,False,2.1855792552411137
602,603,0,1,0,28.0,42.4,0,0,0,False,True,False,3.770459441106359
603,604,0,3,0,44.0,8.05,0,0,0,False,True,False,2.2027647577118348
604,605,1,1,0,35.0,26.55,1,0,0,False,True,False,3.3160025355989236
605,606,0,3,0,36.0,15.55,0,0,1,False,True,False,2.806386101823072
606,607,0,3,0,30.0,7.8958,0,0,0,False,True,False,2.1855792552411137
607,608,1,1,0,27.0,30.5,0,0,0,False,True,False,3.449987545831587
608,609,1,2,1,22.0,41.5792,1,2,1,False,True,False,3.7513658711253766
609,610,1,1,1,40.0,153.4625,0,1,0,False,True,False,5.039951348430309
610,611,0,3,1,39.0,31.275,0,2,1,False,True,False,3.4742929367327062
611,612,0,3,0,28.0,7.05,0,0,0,False,True,False,2.0856720914304723
612,613,1,3,1,28.0,15.5,2,1,1,False,True,False,2.803360380906535
613,614,0,3,0,28.0,7.75,2,0,0,False,True,False,2.169053700369523
614,615,0,3,0,35.0,8.05,0,0,0,False,True,False,2.2027647577118348
615,616,1,2,1,24.0,65.0,0,1,1,False,True,False,4.189654742026425
616,617,0,3,0,34.0,14.4,0,0,1,False,True,False,2.7343675094195836
617,618,0,3,1,26.0,16.1,0,2,1,False,True,False,2.8390784635086144
618,619,1,2,1,4.0,39.0,0,1,1,True,False,False,3.6888794541139363
619,620,0,2,0,26.0,10.5,0,0,0,False,True,False,2.4423470353692043
620,621,0,3,0,27.0,14.4542,1,0,1,False,True,False,2.737880811060884
621,622,1,1,0,42.0,52.5542,0,0,1,False,True,False,3.9806942251907276
622,623,1,3,0,20.0,15.7417,1,0,1,False,True,False,2.817902613071225
623,624,0,3,0,21.0,7.8542,0,0,0,False,True,False,2.180891922715322
624,625,0,3,0,21.0,16.1,0,0,0,False,True,False,2.8390784635086144
625,626,0,1,0,61.0,32.3208,0,0,0,False,False,True,3.5061818266142577
626,627,0,2,0,57.0,12.35,2,3,0,False,True,False,2.5915163848462583
627,628,1,1,1,21.0,77.9583,0,1,0,False,True,False,4.368919865004903
628,629,0,3,0,26.0,7.8958,0,0,0,False,True,False,2.1855792552411137
629,630,0,3,0,28.0,7.7333,2,0,0,False,True,False,2.167143305297764
630,631,1,1,0,80.0,30.0,0,0,0,False,False,True,3.4339872044851463
631,632,0,3,0,51.0,7.0542,0,0,0,False,True,False,2.086193694502369
632,633,1,1,0,32.0,30.5,1,3,0,False,True,False,3.449987545831587
633,634,0,1,0,28.0,0.0,0,0,0,False,True,False,0.0
634,635,0,3,1,9.0,27.9,0,1,1,True,False,False,3.3638415951183864
635,636,1,2,1,28.0,13.0,0,1,0,False,True,False,2.6390573296152584
636,637,0,3,0,32.0,7.925,0,0,0,False,True,False,2.188856327665703
637,638,0,2,0,31.0,26.25,0,0,1,False,True,False,3.305053521109253
638,639,0,3,1,41.0,39.6875,0,2,1,False,True,False,3.705920919968788
639,640,0,3,0,28.0,16.1,0,0,1,False,True,False,2.8390784635086144
640,641,0,3,0,20.0,7.8542,0,0,0,False,True,False,2.180891922715322
641,642,1,1,1,24.0,69.3,1,3,0,False,True,False,4.252771798816619
642,643,0,3,1,2.0,27.9,0,1,1,True,False,False,3.3638415951183864
643,644,1,3,0,28.0,56.4958,0,0,0,False,True,False,4.05171190165724
644,645,1,3,1,0.75,19.2583,1,1,1,True,False,False,3.0085645861193133
645,646,1,1,0,48.0,76.7292,1,0,1,False,True,False,4.353230991152628
646,647,0,3,0,19.0,7.8958,0,0,0,False,True,False,2.1855792552411137
647,648,1,1,0,56.0,35.5,1,3,0,False,True,False,3.597312260588446
648,649,0,3,0,28.0,7.55,0,0,0,False,True,False,2.145931282948669
649,650,1,3,1,23.0,7.55,0,1,0,False,True,False,2.145931282948669
650,651,0,3,0,28.0,7.8958,0,0,0,False,True,False,2.1855792552411137
651,652,1,2,1,18.0,23.0,0,1,1,False,True,False,3.1780538303479458
652,653,0,3,0,21.0,8.4333,0,0,0,False,True,False,2.2442459824059346
653,654,1,3,1,28.0,7.8292,2,1,0,False,True,False,2.17806441028492
654,655,0,3,1,18.0,6.75,2,1,0,False,True,False,2.0476928433652555
655,656,0,2,0,24.0,73.5,0,0,1,False,True,False,4.310799125385514
656,657,0,3,0,28.0,7.8958,0,0,0,False,True,False,2.1855792552411137
657,658,0,3,1,32.0,15.5,2,2,1,False,True,False,2.803360380906535
658,659,0,2,0,23.0,13.0,0,0,0,False,True,False,2.6390573296152584
659,660,0,1,0,58.0,113.275,1,0,1,False,True,False,4.738607824217808
660,661,1,1,0,50.0,133.65,0,3,1,False,True,False,4.902678819257608
661,662,0,3,0,40.0,7.225,1,0,0,False,True,False,2.1071782966514356
662,663,0,1,0,47.0,25.5875,0,0,0,False,True,False,3.2804411805263554
663,664,0,3,0,36.0,7.4958,0,0,0,False,True,False,2.139571923732859
664,665,1,3,0,20.0,7.925,0,0,1,False,True,False,2.188856327665703
665,666,0,2,0,32.0,73.5,0,0,1,False,True,False,4.310799125385514
666,667,0,2,0,25.0,13.0,0,0,0,False,True,False,2.6390573296152584
667,668,0,3,0,28.0,7.775,0,0,0,False,True,False,2.1719067693519296
668,669,0,3,0,43.0,8.05,0,0,0,False,True,False,2.2027647577118348
669,670,1,1,1,28.0,52.0,0,2,1,False,True,False,3.970291913552122
670,671,1,2,1,40.0,39.0,0,2,1,False,True,False,3.6888794541139363
671,672,0,1,0,31.0,52.0,0,0,1,False,True,False,3.970291913552122
672,673,0,2,0,70.0,10.5,0,0,0,False,False,True,2.4423470353692043
673,674,1,2,0,31.0,13.0,0,0,0,False,True,False,2.6390573296152584
674,675,0,2,0,28.0,0.0,0,0,0,False,True,False,0.0
675,676,0,3,0,18.0,7.775,0,0,0,False,True,False,2.1719067693519296
676,677,0,3,0,24.5,8.05,0,0,0,False,True,False,2.2027647577118348
677,678,1,3,1,18.0,9.8417,0,1,0,False,True,False,2.3833998102837652
678,679,0,3,1,43.0,46.9,0,2,1,False,True,False,3.8691155044168695
679,680,1,1,0,36.0,512.3292,1,0,1,False,True,False,6.240917354759096
680,681,0,3,1,28.0,8.1375,2,1,0,False,True,False,2.212386825075897
681,682,1,1,0,27.0,76.7292,1,0,0,False,True,False,4.353230991152628
682,683,0,3,0,20.0,9.225,0,0,0,False,True,False,2.3248357019288655
683,684,0,3,0,14.0,46.9,0,0,1,False,True,False,3.8691155044168695
684,685,0,2,0,60.0,39.0,0,0,1,False,True,False,3.6888794541139363
685,686,0,2,0,25.0,41.5792,1,0,1,False,True,False,3.7513658711253766
686,687,0,3,0,14.0,39.6875,0,0,1,False,True,False,3.705920919968788
687,688,0,3,0,19.0,10.1708,0,0,0,False,True,False,2.4133032309283076
688,689,0,3,0,18.0,7.7958,0,0,0,False,True,False,2.174274334826008
689,690,1,1,1,15.0,211.3375,0,1,1,False,True,False,5.35817698994543
690,691,1,1,0,31.0,57.0,0,0,1,False,True,False,4.060443010546419
691,692,1,3,1,4.0,13.4167,1,1,1,True,False,False,2.668387256845834
692,693,1,3,0,28.0,56.4958,0,0,0,False,True,False,4.05171190165724
693,694,0,3,0,25.0,7.225,1,0,0,False,True,False,2.1071782966514356
694,695,0,1,0,60.0,26.55,0,3,0,False,True,False,3.3160025355989236
695,696,0,2,0,52.0,13.5,0,0,0,False,True,False,2.6741486494265287
696,697,0,3,0,44.0,8.05,0,0,0,False,True,False,2.2027647577118348
697,698,1,3,1,28.0,7.7333,2,1,0,False,True,False,2.167143305297764
698,699,0,1,0,49.0,110.8833,1,0,1,False,True,False,4.717456363787216
699,700,0,3,0,42.0,7.65,0,0,0,False,True,False,2.157559320943788
700,701,1,1,1,18.0,227.525,1,2,1,False,True,False,5.4316456135398825
701,702,1,1,0,35.0,26.2875,0,0,0,False,True,False,3.3064287218760624
702,703,0,3,1,18.0,14.4542,1,1,1,False,True,False,2.737880811060884
703,704,0,3,0,25.0,7.7417,2,0,0,False,True,False,2.1681046787623672
704,705,0,3,0,26.0,7.8542,0,0,1,False,True,False,2.180891922715322
705,706,0,2,0,39.0,26.0,0,0,0,False,True,False,3.295836866004329
706,707,1,2,1,45.0,13.5,0,2,0,False,True,False,2.6741486494265287
707,708,1,1,0,42.0,26.2875,0,0,0,False,True,False,3.3064287218760624
708,709,1,1,1,22.0,151.55,0,1,0,False,True,False,5.027492411162679
709,710,1,3,0,28.0,15.2458,1,3,1,False,True,False,2.7878344138303452
710,711,1,1,1,24.0,49.5042,1,3,0,False,True,False,3.922056501139853
711,712,0,1,0,28.0,26.55,0,0,0,False,True,False,3.3160025355989236
712,713,1,1,0,48.0,52.0,0,0,1,False,True,False,3.970291913552122
713,714,0,3,0,29.0,9.4833,0,0,0,False,True,False,2.3497835148230464
714,715,0,2,0,52.0,13.0,0,0,0,False,True,False,2.6390573296152584
715,716,0,3,0,19.0,7.65,0,0,0,False,True,False,2.157559320943788
716,717,1,1,1,38.0,227.525,1,1,0,False,True,False,5.4316456135398825
717,718,1,2,1,27.0,10.5,0,1,0,False,True,False,2.4423470353692043
718,719,0,3,0,28.0,15.5,2,0,0,False,True,False,2.803360380906535
719,720,0,3,0,33.0,7.775,0,0,0,False,True,False,2.1719067693519296
720,721,1,2,1,6.0,33.0,0,1,1,True,False,False,3.5263605246161616
721,722,0,3,0,17.0,7.0542,0,0,1,False,True,False,2.086193694502369
722,723,0,2,0,34.0,13.0,0,0,0,False,True,False,2.6390573296152584
723,724,0,2,0,50.0,13.0,0,0,0,False,True,False,2.6390573296152584
724,725,1,1,0,27.0,53.1,0,0,1,False,True,False,3.9908341858524357
725,726,0,3,0,20.0,8.6625,0,0,0,False,True,False,2.2682524139135403
726,727,1,2,1,30.0,21.0,0,2,1,False,True,False,3.091042453358316
727,728,1,3,1,28.0,7.7375,2,1,0,False,True,False,2.1676241075599285
728,729,0,2,0,25.0,26.0,0,0,1,False,True,False,3.295836866004329
729,730,0,3,1,25.0,7.925,0,1,1,False,True,False,2.188856327665703
730,731,1,1,1,29.0,211.3375,0,1,0,False,True,False,5.35817698994543
731,732,0,3,0,11.0,18.7875,1,0,0,False,True,False,2.9850504252071306
732,733,0,2,0,28.0,0.0,0,0,0,False,True,False,0.0
733,734,0,2,0,23.0,13.0,0,0,0,False,True,False,2.6390573296152584
734,735,0,2,0,23.0,13.0,0,0,0,False,True,False,2.6390573296152584
735,736,0,3,0,28.5,16.1,0,0,0,False,True,False,2.8390784635086144
736,737,0,3,1,48.0,34.375,0,2,1,False,True,False,3.5660053559634015
737,738,1,1,0,35.0,512.3292,1,0,0,False,True,False,6.240917354759096
738,739,0,3,0,28.0,7.8958,0,0,0,False,True,False,2.1855792552411137
739,740,0,3,0,28.0,7.8958,0,0,0,False,True,False,2.1855792552411137
740,741,1,1,0,28.0,30.0,0,0,0,False,True,False,3.4339872044851463
741,742,0,1,0,36.0,78.85,0,0,1,False,True,False,4.380149874661021
742,743,1,1,1,21.0,262.375,1,1,1,False,True,False,5.5735788721243535
743,744,0,3,0,24.0,16.1,0,0,1,False,True,False,2.8390784635086144
744,745,1,3,0,31.0,7.925,0,0,0,False,True,False,2.188856327665703
745,746,0,1,0,70.0,71.0,0,3,1,False,False,True,4.276666119016055
746,747,0,3,0,16.0,20.25,0,0,1,False,True,False,3.056356895370426
747,748,1,2,1,30.0,13.0,0,1,0,False,True,False,2.6390573296152584
748,749,0,1,0,19.0,53.1,0,0,1,False,True,False,3.9908341858524357
749,750,0,3,0,31.0,7.75,2,0,0,False,True,False,2.169053700369523
750,751,1,2,1,4.0,23.0,0,1,1,True,False,False,3.1780538303479458
751,752,1,3,0,6.0,12.475,0,3,1,True,False,False,2.600836116795061
752,753,0,3,0,33.0,9.5,0,0,0,False,True,False,2.3513752571634776
753,754,0,3,0,23.0,7.8958,0,0,0,False,True,False,2.1855792552411137
754,755,1,2,1,48.0,65.0,0,2,1,False,True,False,4.189654742026425
755,756,1,2,0,0.67,14.5,0,3,1,True,False,False,2.740840023925201
756,757,0,3,0,28.0,7.7958,0,0,0,False,True,False,2.174274334826008
757,758,0,2,0,18.0,11.5,0,0,0,False,True,False,2.5257286443082556
758,759,0,3,0,34.0,8.05,0,0,0,False,True,False,2.2027647577118348
759,760,1,1,1,33.0,86.5,0,3,0,False,True,False,4.471638793363569
760,761,0,3,0,28.0,14.5,0,0,0,False,True,False,2.740840023925201
761,762,0,3,0,41.0,7.125,0,0,0,False,True,False,2.094945728215801
762,763,1,3,0,20.0,7.2292,1,0,0,False,True,False,2.1076888046179385
763,764,1,1,1,36.0,120.0,0,2,1,False,True,False,4.795790545596741
764,765,0,3,0,16.0,7.775,0,0,0,False,True,False,2.1719067693519296
765,766,1,1,1,51.0,77.9583,0,2,1,False,True,False,4.368919865004903
766,767,0,1,0,28.0,39.6,1,3,0,False,True,False,3.703768066607687
767,768,0,3,1,30.5,7.75,2,1,0,False,True,False,2.169053700369523
768,769,0,3,0,28.0,24.15,2,0,1,False,True,False,3.224857896545748
769,770,0,3,0,32.0,8.3625,0,0,0,False,True,False,2.236712348843338
770,771,0,3,0,24.0,9.5,0,0,0,False,True,False,2.3513752571634776
771,772,0,3,0,48.0,7.8542,0,0,0,False,True,False,2.180891922715322
772,773,0,2,1,57.0,10.5,0,2,0,False,True,False,2.4423470353692043
773,774,0,3,0,28.0,7.225,1,0,0,False,True,False,2.1071782966514356
774,775,1,2,1,54.0,23.0,0,2,1,False,True,False,3.1780538303479458
775,776,0,3,0,18.0,7.75,0,0,0,False,True,False,2.169053700369523
776,777,0,3,0,28.0,7.75,2,0,0,False,True,False,2.169053700369523
777,778,1,3,1,5.0,12.475,0,1,0,True,False,False,2.600836116795061
778,779,0,3,0,28.0,7.7375,2,0,0,False,True,False,2.1676241075599285
779,780,1,1,1,43.0,211.3375,0,2,1,False,True,False,5.35817698994543
780,781,1,3,1,13.0,7.2292,1,1,0,False,True,False,2.1076888046179385
781,782,1,1,1,17.0,57.0,0,2,1,False,True,False,4.060443010546419
782,783,0,1,0,29.0,30.0,0,0,0,False,True,False,3.4339872044851463
783,784,0,3,0,28.0,23.45,0,0,1,False,True,False,3.196630215920881
784,785,0,3,0,25.0,7.05,0,0,0,False,True,False,2.0856720914304723
785,786,0,3,0,25.0,7.25,0,0,0,False,True,False,2.1102132003465894
786,787,1,3,1,18.0,7.4958,0,1,0,False,True,False,2.139571923732859
787,788,0,3,0,8.0,29.125,2,3,1,True,False,False,3.405355391810819
788,789,1,3,0,1.0,20.575,0,3,1,True,False,False,3.0715352369694915
789,790,0,1,0,46.0,79.2,1,0,0,False,True,False,4.384523514872469
790,791,0,3,0,28.0,7.75,2,0,0,False,True,False,2.169053700369523
791,792,0,2,0,16.0,26.0,0,0,0,False,True,False,3.295836866004329
792,793,0,3,1,28.0,69.55,0,1,1,False,True,False,4.256321678298823
793,794,0,1,0,28.0,30.6958,1,0,0,False,True,False,3.4561841799918147
794,795,0,3,0,25.0,7.8958,0,0,0,False,True,False,2.1855792552411137
795,796,0,2,0,39.0,13.0,0,0,0,False,True,False,2.6390573296152584
796,797,1,1,1,49.0,25.9292,0,3,0,False,True,False,3.2932111997353943
797,798,1,3,1,31.0,8.6833,0,2,0,False,True,False,2.270402752283094
798,799,0,3,0,30.0,7.2292,1,0,0,False,True,False,2.1076888046179385
799,800,0,3,1,30.0,24.15,0,2,1,False,True,False,3.224857896545748
800,801,0,2,0,34.0,13.0,0,0,0,False,True,False,2.6390573296152584
801,802,1,2,1,31.0,26.25,0,2,1,False,True,False,3.305053521109253
802,803,1,1,0,11.0,120.0,0,3,1,False,True,False,4.795790545596741
803,804,1,3,0,0.42,8.5167,1,3,1,True,False,False,2.2530481500547457
804,805,1,3,0,27.0,6.975,0,0,0,False,True,False,2.076311648670908
805,806,0,3,0,31.0,7.775,0,0,0,False,True,False,2.1719067693519296
806,807,0,1,0,39.0,0.0,0,0,0,False,True,False,0.0
807,808,0,3,1,18.0,7.775,0,1,0,False,True,False,2.1719067693519296
808,809,0,2,0,39.0,13.0,0,0,0,False,True,False,2.6390573296152584
809,810,1,1,1,33.0,53.1,0,2,1,False,True,False,3.9908341858524357
810,811,0,3,0,26.0,7.8875,0,0,0,False,True,False,2.184645795129359
811,812,0,3,0,39.0,24.15,0,0,0,False,True,False,3.224857896545748
812,813,0,2,0,35.0,10.5,0,0,0,False,True,False,2.4423470353692043
813,814,0,3,1,6.0,31.275,0,1,1,True,False,False,3.4742929367327062
814,815,0,3,0,30.5,8.05,0,0,0,False,True,False,2.2027647577118348
815,816,0,1,0,28.0,0.0,0,0,0,False,True,False,0.0
816,817,0,3,1,23.0,7.925,0,1,0,False,True,False,2.188856327665703
817,818,0,2,0,31.0,37.0042,1,0,1,False,True,False,3.637696679934592
818,819,0,3,0,43.0,6.45,0,0,0,False,True,False,2.0082140323914683
819,820,0,3,0,10.0,27.9,0,3,1,False,True,False,3.3638415951183864
820,821,1,1,1,52.0,93.5,0,2,1,False,True,False,4.548599834499697
821,822,1,3,0,27.0,8.6625,0,0,0,False,True,False,2.2682524139135403
822,823,0,1,0,38.0,0.0,0,3,0,False,True,False,0.0
823,824,1,3,1,27.0,12.475,0,2,1,False,True,False,2.600836116795061
824,825,0,3,0,2.0,39.6875,0,3,1,True,False,False,3.705920919968788
825,826,0,3,0,28.0,6.95,2,0,0,False,True,False,2.0731719286662407
826,827,0,3,0,28.0,56.4958,0,0,0,False,True,False,4.05171190165724
827,828,1,2,0,1.0,37.0042,1,3,1,True,False,False,3.637696679934592
828,829,1,3,0,28.0,7.75,2,0,0,False,True,False,2.169053700369523
829,830,1,1,1,62.0,80.0,0,2,0,False,False,True,4.394449154672439
830,831,1,3,1,15.0,14.4542,1,2,1,False,True,False,2.737880811060884
831,832,1,2,0,0.83,18.75,0,3,1,True,False,False,2.9831534913471307
832,833,0,3,0,28.0,7.2292,1,0,0,False,True,False,2.1076888046179385
833,834,0,3,0,23.0,7.8542,0,0,0,False,True,False,2.180891922715322
834,835,0,3,0,18.0,8.3,0,0,0,False,True,False,2.2300144001592104
835,836,1,1,1,39.0,83.1583,1,1,1,False,True,False,4.432699549165613
836,837,0,3,0,21.0,8.6625,0,0,0,False,True,False,2.2682524139135403
837,838,0,3,0,28.0,8.05,0,0,0,False,True,False,2.2027647577118348
838,839,1,3,0,32.0,56.4958,0,0,0,False,True,False,4.05171190165724
839,840,1,1,0,28.0,29.7,1,0,0,False,True,False,3.4242626545931514
840,841,0,3,0,20.0,7.925,0,0,0,False,True,False,2.188856327665703
841,842,0,2,0,16.0,10.5,0,0,0,False,True,False,2.4423470353692043
842,843,1,1,1,30.0,31.0,1,1,0,False,True,False,3.4657359027997265
843,844,0,3,0,34.5,6.4375,1,0,0,False,True,False,2.006534770871748
844,845,0,3,0,17.0,8.6625,0,0,0,False,True,False,2.2682524139135403
845,846,0,3,0,42.0,7.55,0,0,0,False,True,False,2.145931282948669
846,847,0,3,0,28.0,69.55,0,0,1,False,True,False,4.256321678298823
847,848,0,3,0,35.0,7.8958,1,0,0,False,True,False,2.1855792552411137
848,849,0,2,0,28.0,33.0,0,3,1,False,True,False,3.5263605246161616
849,850,1,1,1,28.0,89.1042,1,2,1,False,True,False,4.500966778400217
850,851,0,3,0,4.0,31.275,0,3,1,True,False,False,3.4742929367327062
851,852,0,3,0,74.0,7.775,0,0,0,False,False,True,2.1719067693519296
852,853,0,3,1,9.0,15.2458,1,1,1,True,False,False,2.7878344138303452
853,854,1,1,1,16.0,39.4,0,1,1,False,True,False,3.6988297849671046
854,855,0,2,1,44.0,26.0,0,2,1,False,True,False,3.295836866004329
855,856,1,3,1,18.0,9.35,0,2,1,False,True,False,2.336986519711378
856,857,1,1,1,45.0,164.8667,0,2,1,False,True,False,5.11118445372147
857,858,1,1,0,51.0,26.55,0,0,0,False,True,False,3.3160025355989236
858,859,1,3,1,24.0,19.2583,1,2,1,False,True,False,3.0085645861193133
859,860,0,3,0,28.0,7.2292,1,0,0,False,True,False,2.1076888046179385
860,861,0,3,0,41.0,14.1083,0,0,1,False,True,False,2.7152442616824506
861,862,0,2,0,21.0,11.5,0,0,1,False,True,False,2.5257286443082556
862,863,1,1,1,48.0,25.9292,0,2,0,False,True,False,3.2932111997353943
863,864,0,3,1,28.0,69.55,0,1,1,False,True,False,4.256321678298823
864,865,0,2,0,24.0,13.0,0,0,0,False,True,False,2.6390573296152584
865,866,1,2,1,42.0,13.0,0,2,0,False,True,False,2.6390573296152584
866,867,1,2,1,27.0,13.8583,1,1,1,False,True,False,2.698558631668595
867,868,0,1,0,31.0,50.4958,0,0,0,False,True,False,3.941500250945973
868,869,0,3,0,28.0,9.5,0,0,0,False,True,False,2.3513752571634776
869,870,1,3,0,4.0,11.1333,0,3,1,True,False,False,2.495953738718064
870,871,0,3,0,26.0,7.8958,0,0,0,False,True,False,2.1855792552411137
871,872,1,1,1,47.0,52.5542,0,2,1,False,True,False,3.9806942251907276
872,873,0,1,0,33.0,5.0,0,0,0,False,True,False,1.791759469228055
873,874,0,3,0,47.0,9.0,0,0,0,False,True,False,2.302585092994046
874,875,1,2,1,28.0,24.0,1,2,1,False,True,False,3.2188758248682006
875,876,1,3,1,15.0,7.225,1,1,0,False,True,False,2.1071782966514356
876,877,0,3,0,20.0,9.8458,0,0,0,False,True,False,2.3837779082709782
877,878,0,3,0,19.0,7.8958,0,0,0,False,True,False,2.1855792552411137
878,879,0,3,0,28.0,7.8958,0,0,0,False,True,False,2.1855792552411137
879,880,1,1,1,56.0,83.1583,1,2,1,False,True,False,4.432699549165613
880,881,1,2,1,25.0,26.0,0,2,1,False,True,False,3.295836866004329
881,882,0,3,0,33.0,7.8958,0,0,0,False,True,False,2.1855792552411137
882,883,0,3,1,22.0,10.5167,0,1,0,False,True,False,2.4437981558973862
883,884,0,2,0,28.0,10.5,0,0,0,False,True,False,2.4423470353692043
884,885,0,3,0,25.0,7.05,0,0,0,False,True,False,2.0856720914304723
885,886,0,3,1,39.0,29.125,2,2,1,False,True,False,3.405355391810819
886,887,0,2,0,27.0,13.0,0,3,0,False,True,False,2.6390573296152584
887,888,1,1,1,19.0,30.0,0,1,0,False,True,False,3.4339872044851463
888,889,0,3,1,28.0,23.45,0,1,1,False,True,False,3.196630215920881
889,890,1,1,0,26.0,30.0,1,0,0,False,True,False,3.4339872044851463
890,891,0,3,0,32.0,7.75,2,0,0,False,True,False,2.169053700369523
